workspace	peakset	annotation	observed	expected	CI95low	CI95high	stddev	fold	l2fold	pvalue	track_nsegments	track_size	annotation_size	annotation_nsegments	n_perm	counter	null	qvalue	workspace_bp	s7_row_assignment	s7_observed	s7_expected	s7_l2fold	s7_pvalue	s7_adj_pvalue	obs_ratio_vs_s7	exp_ratio_vs_s7	l2fold_minus_s7	implied_workspace_bp_upper
genome	all_reproducible	EZH2	3571639	244547.4082	189056.35	309950.225	31050.022970567552	14.605042929083355	3.868394693621701	9.999000099990002e-05	9624	10474701	63676024	12388	10000	nucleotide-overlap	uniform-workspace	0.0001249875012498	2725521370	exact	3342544	371802.4817	3.1683	1e-05	3.21428571428571e-05	1.0685391127237218	0.6577347388372744	0.7000946936217014	1792670086.4923604
genome	all_reproducible	H3K27Ac	5079972	858199.9082	740436.6	989100.25	63835.259752728925	5.919328389729617	2.5654334961630068	9.999000099990002e-05	9624	10474701	223418126	27337	10000	nucleotide-overlap	uniform-workspace	0.0001249875012498	2725521370	exact	4694240	1180422.749	1.9916	1e-05	3.21428571428571e-05	1.0821713418998602	0.7270275915361911	0.5738334961630067	1981529237.31152
genome	all_reproducible	H3K27me3	499850	968444.2993	836808.25	1116477.1749999998	71211.75917833459	0.5161375664286835	-0.9541724556856848	9.999000099990002e-05	9624	10474701	251835970	25315	10000	nucleotide-overlap	uniform-workspace	0.0001249875012498	2725521370	exact	465475	1310117.0546	-1.4929	1e-05	3.21428571428571e-05	1.073849293732209	0.7392044061251319	0.5387275443143152	2014717405.692206
genome	all_reproducible	H3K4me3	3059800	335349.7078	274864.175	402539.675	32655.66934921437	9.124182322659168	3.1896952753839574	9.999000099990002e-05	9624	10474701	87365656	17672	10000	nucleotide-overlap	uniform-workspace	0.0001249875012498	2725521370	exact	2832892	473253.9357	2.5816	1e-05	3.21428571428571e-05	1.0800976528579276	0.7086041604788286	0.6080952753839575	1931315782.255957
genome	all_reproducible	H3K9me3	158738	234350.4603	188250.5	287409.925	25215.73305838289	0.677354430805738	-0.5620171624721062	0.0004999500049995	9624	10474701	61034992	22304	10000	nucleotide-overlap	uniform-workspace	0.0004999500049995	2725521370	exact	131987	147392.0122	-0.1593	0.26711	0.40745593220339	1.2026790517247912	1.5899807377756934	-0.4027171624721062	4333526478.696019
genome	cond:mHTT-specific	EZH2	109936	10778.9856	4467.925	19650.075	3949.021124151229	10.198251099704622	3.350249860209935	9.999000099990002e-05	815	460499	63676024	12388	10000	nucleotide-overlap	uniform-workspace	0.0001666500016665	2725521370	by expected-rank	105707	14025.6571	2.9138	1e-05	3.21428571428571e-05	1.040006811280237	0.7685191162986581	0.4364498602099349	2094615274.725508
genome	cond:mHTT-specific	H3K27Ac	168863	37702.161	24578.9	53514.92499999999	7421.291213938381	4.478775665520459	2.1631044057902944	9.999000099990002e-05	815	460499	223418126	27337	10000	nucleotide-overlap	uniform-workspace	0.0001666500016665	2725521370	by expected-rank	157930	45919.0766	1.7821	1e-05	3.21428571428571e-05	1.0692268726651049	0.821056601996217	0.3810044057902944	2237807314.720274
genome	cond:mHTT-specific	H3K27me3	59331	42551.7391	28284.875000000004	59662.2	8059.531335966824	1.3943168231912948	0.4795584143721492	0.0275972402759724	815	460499	251835970	25315	10000	nucleotide-overlap	uniform-workspace	0.0344965503449655	2725521370	by expected-rank	56443	51673.1822	0.1274	0.24733	0.383787931034483	1.0511666637138353	0.8234782006516331	0.3521584143721492	2244407433.605174
genome	cond:mHTT-specific	H3K4me3	85790	14772.4021	7204.85	24811.0	4542.468135145869	5.807125496164489	2.537824212056412	9.999000099990002e-05	815	460499	87365656	17672	10000	nucleotide-overlap	uniform-workspace	0.0001666500016665	2725521370	by expected-rank	79717	18134.0968	2.1361	1e-05	3.21428571428571e-05	1.0761819938030783	0.8146202296659186	0.4017242120564117	2220264844.388769
genome	cond:mHTT-specific	H3K9me3	16262	10366.3572	4600.9	18264.125	3535.127116640668	1.5686736442340388	0.6495452370612775	0.0620937906209379	815	460499	61034992	22304	10000	nucleotide-overlap	uniform-workspace	0.0620937906209379	2725521370	by expected-rank	13878	5648.6664	1.2967	0.00047	0.0012085714285714	1.1717826776192537	1.8351866557387777	-0.6471547629387224	5001840448.154871
genome	cond:WT-mHTT-shared	EZH2	1245424	57281.7996	21565.65	106536.34999999998	21971.830238253704	21.741692247876795	4.442392330680606	9.999000099990002e-05	220	2449127	63676024	12388	10000	nucleotide-overlap	uniform-workspace	0.0001666500016665	2725521370	by expected-rank	1169442	91136.7846	3.6816	1e-05	3.21428571428571e-05	1.064972867401718	0.6285255712214363	0.7607923306806064	1713059875.9554815
genome	cond:WT-mHTT-shared	H3K27Ac	1458154	200599.2032	117248.5	301882.025	47621.859688453056	7.2689607325382815	2.861749111986505	9.999000099990002e-05	220	2449127	223418126	27337	10000	nucleotide-overlap	uniform-workspace	0.0001666500016665	2725521370	by expected-rank	1355567	282758.8287	2.2612	1e-05	3.21428571428571e-05	1.075678295502915	0.7094356845452585	0.600549111986505	1933582118.8686807
genome	cond:WT-mHTT-shared	H3K27me3	138100	226038.3439	130325.75	341763.075	54314.3165279048	0.610960010842608	-0.7108501404523259	0.037996200379962	220	2449127	251835970	25315	10000	nucleotide-overlap	uniform-workspace	0.0474952504749525	2725521370	by expected-rank	134892	312048.9764	-1.21	0.00198	0.004455	1.023781988553806	0.7243681633175837	0.4991498595476741	1974280908.8697245
genome	cond:WT-mHTT-shared	H3K4me3	1023755	78222.1364	38645.775	126752.025	22521.151938100214	13.087636818408114	3.7101327140841054	9.999000099990002e-05	220	2449127	87365656	17672	10000	nucleotide-overlap	uniform-workspace	0.0001666500016665	2725521370	by expected-rank	953406	114283.7018	3.0605	1e-05	3.21428571428571e-05	1.0737870330163646	0.6844557462523497	0.649632714084106	1865498763.2300768
genome	cond:WT-mHTT-shared	H3K9me3	52316	54819.0128	26859.775	94081.49999999996	17330.800611646195	0.954341258380735	-0.0674228498958229	0.4850514948505149	220	2449127	61034992	22304	10000	nucleotide-overlap	uniform-workspace	0.4850514948505149	2725521370	by expected-rank	47684	37436.2946	0.3491	0.1941	0.3235	1.0971395017196544	1.46432795728667	-0.4165228498958229	3991057140.2732654
genome	cond:WT-specific	EZH2	1747732	122495.2284	86234.55	164201.2	20017.961861639	14.267647443747745	3.8346755669793184	9.999000099990002e-05	3865	5230293	63676024	12388	10000	nucleotide-overlap	uniform-workspace	9.99900009999e-05	2725521370	by expected-rank	1627777	186128.2214	3.1285	1e-05	3.21428571428571e-05	1.073692526679023	0.658122811675887	0.7061755669793186	1793727787.3071156
genome	cond:WT-specific	H3K27Ac	2570673	429145.0043	356245.125	508385.9	39073.189310227564	5.990208400502636	2.582606195525184	9.999000099990002e-05	3865	5230293	223418126	27337	10000	nucleotide-overlap	uniform-workspace	9.99900009999e-05	2725521370	by expected-rank	2370865	590857.2811	2.0045	1e-05	3.21428571428571e-05	1.0842764138826968	0.726309073319804	0.578106195525184	1979570900.5580225
genome	cond:WT-specific	H3K27me3	176959	483210.1452	403265.275	574218.6749999999	43658.292665764166	0.3662167186287821	-1.4492304399283489	9.999000099990002e-05	3865	5230293	251835970	25315	10000	nucleotide-overlap	uniform-workspace	9.99900009999e-05	2725521370	by expected-rank	161648	652993.2001	-2.0142	1e-05	3.21428571428571e-05	1.0947181530238543	0.7399926142048657	0.5649695600716516	2016865683.6575272
genome	cond:WT-specific	H3K4me3	1492832	167725.0724	127483.175	212358.575	21845.61967190581	8.900423044783585	3.1538739102483047	9.999000099990002e-05	3865	5230293	87365656	17672	10000	nucleotide-overlap	uniform-workspace	9.99900009999e-05	2725521370	by expected-rank	1372823	237280.8437	2.5325	1e-05	3.21428571428571e-05	1.0874176787539254	0.7068630985317085	0.6213739102483045	1926570480.7125869
genome	cond:WT-specific	H3K9me3	50305	117132.5338	86506.775	152188.225	16725.867121834297	0.429475645171733	-1.219351773968819	9.999000099990002e-05	3865	5230293	61034992	22304	10000	nucleotide-overlap	uniform-workspace	9.99900009999e-05	2725521370	by expected-rank	37944	72868.1987	-0.9414	0.00063	0.001575	1.3257695551338815	1.607457517678422	-0.2779517739688191	4381159815.799692
genome-minus-blacklist	all_reproducible	EZH2	3498710	257817.2744	199919.15	325371.94999999995	32054.733752453856	13.57045387159724	3.762397068212469	9.999000099990002e-05	9301	10160526	62665374	12265	10000	nucleotide-overlap	uniform-workspace	0.0001249875012498	2486544170	exact	3342544	371802.4817	3.1683	1e-05	3.21428571428571e-05	1.0467207013580075	0.6934253725827134	0.5940970682124691	1724232817.525624
genome-minus-blacklist	all_reproducible	H3K27Ac	4990224	908869.5848	787348.725	1041172.325	65368.50829721303	5.490578178518249	2.4569580784400724	9.999000099990002e-05	9301	10160526	221353607	27111	10000	nucleotide-overlap	uniform-workspace	0.0001249875012498	2486544170	exact	4694240	1180422.749	1.9916	1e-05	3.21428571428571e-05	1.0630525921128873	0.7699526170348314	0.4653580784400724	1914521191.0642028
genome-minus-blacklist	all_reproducible	H3K27me3	493846	1030541.1354	893120.875	1176625.55	73325.28912460194	0.4792108765240497	-1.0612674419166856	9.999000099990002e-05	9301	10160526	250540331	25156	10000	nucleotide-overlap	uniform-workspace	0.0001249875012498	2486544170	exact	465475	1310117.0546	-1.4929	1e-05	3.21428571428571e-05	1.0609506418174983	0.7866023358612342	0.4316325580833142	1955921452.3441336
genome-minus-blacklist	all_reproducible	H3K4me3	2998099	352664.5807	290202.05	422510.4	33640.7105012318	8.501254911378426	3.087675820166912	9.999000099990002e-05	9301	10160526	85925724	17424	10000	nucleotide-overlap	uniform-workspace	0.0001249875012498	2486544170	exact	2832892	473253.9357	2.5816	1e-05	3.21428571428571e-05	1.058317436739558	0.7451910150062805	0.5060758201669118	1852950373.9002488
genome-minus-blacklist	all_reproducible	H3K9me3	154117	238442.7109	192106.625	290831.375	25143.14092359428	0.6463496118991159	-0.6296133619844674	0.0001999800019998	9301	10160526	58585944	21629	10000	nucleotide-overlap	uniform-workspace	0.0001999800019998	2486544170	exact	131987	147392.0122	-0.1593	0.26711	0.40745593220339	1.16766802791184	1.61774513653054	-0.4703133619844674	4022594737.785868
genome-minus-blacklist	cond:mHTT-specific	EZH2	109388	10849.4244	4560.75	20093.075	3985.610619050065	10.081541142298544	3.33364429209819	9.999000099990002e-05	764	430371	62665374	12265	10000	nucleotide-overlap	uniform-workspace	0.0001666500016665	2486544170	by expected-rank	105707	14025.6571	2.9138	1e-05	3.21428571428571e-05	1.034822670211055	0.7735412553327002	0.4198442920981899	1923444498.702007
genome-minus-blacklist	cond:mHTT-specific	H3K27Ac	167880	38369.4	25033.975	54282.34999999999	7508.649378936268	4.375273648437337	2.129373252121484	9.999000099990002e-05	764	430371	221353607	27111	10000	nucleotide-overlap	uniform-workspace	0.0001666500016665	2486544170	by expected-rank	157930	45919.0766	1.7821	1e-05	3.21428571428571e-05	1.063002596086874	0.835587360221438	0.3472732521214838	2077724879.0843065
genome-minus-blacklist	cond:mHTT-specific	H3K27me3	59037	43448.1937	29104.725	61059.15	8176.977899626506	1.3587824070484418	0.4423144440331074	0.0380961903809619	764	430371	250540331	25156	10000	nucleotide-overlap	uniform-workspace	0.0476202379762023	2486544170	by expected-rank	56443	51673.1822	0.1274	0.24733	0.383787931034483	1.0459578690005846	0.8408267470703594	0.3149144440331073	2090752845.907867
genome-minus-blacklist	cond:mHTT-specific	H3K4me3	85736	14938.3679	7365.650000000001	24953.3	4542.03537200555	5.738997832699468	2.5207988295795465	9.999000099990002e-05	764	430371	85925724	17424	10000	nucleotide-overlap	uniform-workspace	0.0001666500016665	2486544170	by expected-rank	79717	18134.0968	2.1361	1e-05	3.21428571428571e-05	1.0755045975137048	0.8237723700691837	0.3846988295795466	2048346384.2026112
genome-minus-blacklist	cond:mHTT-specific	H3K9me3	15234	10158.2714	4392.775000000001	18176.0	3505.32813330536	1.49961541533382	0.584592561034286	0.0850914908509149	764	430371	58585944	21629	10000	nucleotide-overlap	uniform-workspace	0.0850914908509149	2486544170	by expected-rank	13878	5648.6664	1.2967	0.00047	0.0012085714285714	1.0977086035451795	1.798348615524542	-0.7121074389657139	4471673265.560122
genome-minus-blacklist	cond:WT-mHTT-shared	EZH2	1239381	59399.0571	22934.0	110537.59999999996	22698.037372236384	20.86499677792397	4.383012792700582	9.999000099990002e-05	179	2308069	62665374	12265	10000	nucleotide-overlap	uniform-workspace	0.0001666500016665	2486544170	by expected-rank	1169442	91136.7846	3.6816	1e-05	3.21428571428571e-05	1.0598054456740906	0.6517572170304546	0.7014127927005824	1620623108.2625017
genome-minus-blacklist	cond:WT-mHTT-shared	H3K27Ac	1452654	209414.6866	123708.15	314169.89999999985	49038.558722419446	6.936705762518557	2.7942506904118747	9.999000099990002e-05	179	2308069	221353607	27111	10000	nucleotide-overlap	uniform-workspace	0.0001666500016665	2486544170	by expected-rank	1355567	282758.8287	2.2612	1e-05	3.21428571428571e-05	1.07162095270835	0.7406123711956089	0.5330506904118746	1841565373.826317
genome-minus-blacklist	cond:WT-mHTT-shared	H3K27me3	138100	236210.1092	135307.35	356087.575	56188.7918161467	0.5846507408890318	-0.774353051148336	0.0287971202879712	179	2308069	250540331	25156	10000	nucleotide-overlap	uniform-workspace	0.035996400359964	2486544170	by expected-rank	134892	312048.9764	-1.21	0.00198	0.004455	1.023781988553806	0.7569648582894695	0.435646948851664	1882226555.2745569
genome-minus-blacklist	cond:WT-mHTT-shared	H3K4me3	1016312	80982.765	41801.35	130047.54999999996	22573.33927746125	12.54958941461909	3.649568259128529	9.999000099990002e-05	179	2308069	85925724	17424	10000	nucleotide-overlap	uniform-workspace	0.0001666500016665	2486544170	by expected-rank	953406	114283.7018	3.0605	1e-05	3.21428571428571e-05	1.065980285418804	0.7086116718700829	0.5890682591285286	1761994221.4825077
genome-minus-blacklist	cond:WT-mHTT-shared	H3K9me3	50160	53388.1667	26112.0	91203.175	16677.035838922668	0.9395351735280032	-0.0899809218268736	0.4638536146385361	179	2308069	58585944	21629	10000	nucleotide-overlap	uniform-workspace	0.4638536146385361	2486544170	by expected-rank	47684	37436.2946	0.3491	0.1941	0.3235	1.0519251740625786	1.426107131339863	-0.4390809218268736	3546078373.2285604
genome-minus-blacklist	cond:WT-specific	EZH2	1687558	128840.6861	91910.0	171807.375	20469.277124108878	13.097927007026335	3.711266591128151	9.999000099990002e-05	3736	5085867	62665374	12265	10000	nucleotide-overlap	uniform-workspace	9.99900009999e-05	2486544170	by expected-rank	1627777	186128.2214	3.1285	1e-05	3.21428571428571e-05	1.0367255465582816	0.6922146740075172	0.5827665911281508	1721222362.0418427
genome-minus-blacklist	cond:WT-specific	H3K27Ac	2504893	454693.2198	378493.525	535796.825	40233.43417036244	5.508963806713427	2.461780984586326	9.999000099990002e-05	3736	5085867	221353607	27111	10000	nucleotide-overlap	uniform-workspace	9.99900009999e-05	2486544170	by expected-rank	2370865	590857.2811	2.0045	1e-05	3.21428571428571e-05	1.0565312660147246	0.7695483060706249	0.4572809845863257	1913515853.993288
genome-minus-blacklist	cond:WT-specific	H3K27me3	172223	515350.8514	430387.625	607396.225	45309.42263911468	0.3341872150689629	-1.5812715533177633	9.999000099990002e-05	3736	5085867	250540331	25156	10000	nucleotide-overlap	uniform-workspace	9.99900009999e-05	2486544170	by expected-rank	161648	652993.2001	-2.0142	1e-05	3.21428571428571e-05	1.0654199247748193	0.7892131975050868	0.4329284466822369	1962413475.143332
genome-minus-blacklist	cond:WT-specific	H3K4me3	1443098	176662.7901	134498.525	223886.125	22781.78108551309	8.168617910796197	3.0300920022494613	9.999000099990002e-05	3736	5085867	85925724	17424	10000	nucleotide-overlap	uniform-workspace	9.99900009999e-05	2486544170	by expected-rank	1372823	237280.8437	2.5325	1e-05	3.21428571428571e-05	1.051190138859853	0.7445303520724122	0.4975920022494611	1851307606.333704
genome-minus-blacklist	cond:WT-specific	H3K9me3	46806	119409.3605	89001.6	154326.47499999998	16632.953760873013	0.3919844124413308	-1.3511318092731892	9.999000099990002e-05	3736	5085867	58585944	21629	10000	nucleotide-overlap	uniform-workspace	9.99900009999e-05	2486544170	by expected-rank	37944	72868.1987	-0.9414	0.00063	0.001575	1.2335547122074637	1.6387033387721166	-0.4097318092731892	4074708233.383341
