experiment_accession,peak_accession,biosample,target,n_peaks,authors_overlap_fraction,authors_percent_overlap
ENCSR000BPF,ENCFF353WKC,A549,TAF1,10949,0.996895,99.6895
ENCSR000DMH,ENCFF281OWZ,lung,CTCF,22955,0.99682,99.682
ENCSR000DND,ENCFF547CLG,pancreas,CTCF,28049,0.995187,99.51870000000001
ENCSR000BHT,ENCFF557UKG,HeLa-S3,TAF1,14211,0.995145,99.5145
ENCSR000EFC,ENCFF382EZV,IMR-90,CHD1,3260,0.995092,99.50919999999999
ENCSR481YWD,ENCFF497RWM,A549,SMC3,16639,0.995012,99.5012
ENCSR000DYC,ENCFF674RQX,A549,MYC,9031,0.994906,99.4906
ENCSR000AQC,ENCFF967SJM,H1-hESC,RBBP5,20067,0.994568,99.4568
ENCSR785OKZ,ENCFF347MAZ,GM12878,RB1,9993,0.993796,99.3796
ENCSR000DZP,ENCFF599ZQS,GM12878,SMC3,20134,0.993444,99.3444
ENCSR000HPG,ENCFF324FFQ,IMR-90,SMC3,30516,0.992987,99.2987
ENCSR000EFF,ENCFF050OTE,IMR-90,MAZ,17690,0.992425,99.2425
ENCSR000BQF,ENCFF300PAY,SK-N-SH,TAF1,12681,0.992193,99.2193
ENCSR000DYX,ENCFF549HYB,GM12878,SIN3A,13686,0.992182,99.2182
ENCSR637QAM,ENCFF302BKM,GM12878,TRIM22,16060,0.992092,99.2092
ENCSR000ANO,ENCFF468JKI,fibroblast of lung,CTCF,32399,0.991975,99.1975
ENCSR332EYT,ENCFF176ESH,GM12878,STAT1,4962,0.991939,99.1939
ENCSR000EWL,ENCFF281NFW,K562,E2F4,9154,0.991807,99.1807
ENCSR785YRL,ENCFF983ZND,neutrophil,CTCF,25948,0.990982,99.0982
ENCSR000ATN,ENCFF873NGI,CD14-positive monocyte,CTCF,40055,0.990663,99.0663
ENCSR000DYE,ENCFF660KIF,A549,RAD21,25017,0.990446,99.0446
ENCSR000DLG,ENCFF479GJB,GM20000,CTCF,24482,0.990319,99.0319
ENCSR636YLV,ENCFF765WAE,A549,MAZ,3286,0.990262,99.0262
ENCSR000DZB,ENCFF350TKU,GM12878,ELK1,5929,0.990218,99.0218
ENCSR000DYY,ENCFF896OWK,GM12878,E2F4,3951,0.989876,98.9876
ENCSR000AQJ,ENCFF235UDJ,K562,SAP30,8493,0.989403,98.94030000000001
ENCSR000BIM,ENCFF667CNQ,GM12891,TAF1,13937,0.989237,98.9237
ENCSR000BKS,ENCFF937JNR,K562,TAF1,18660,0.989175,98.9175
ENCSR000DNI,ENCFF720CRM,spleen,CTCF,36705,0.988639,98.8639
ENCSR000DPS,ENCFF287RCH,AG09319,CTCF,36224,0.988599,98.8599
ENCSR872ZHM,ENCFF971PRU,HepG2,KDM5A,11024,0.98848,98.848
ENCSR000BHO,ENCFF026ZRB,H1-hESC,TAF1,27896,0.98835,98.835
ENCSR000AQI,ENCFF930OMM,K562,RBBP5,16593,0.988188,98.8188
ENCSR408JQO,ENCFF065MLN,GM12878,IRF3,2955,0.988156,98.8156
ENCSR000EFJ,ENCFF642DTY,IMR-90,RAD21,38391,0.988122,98.81219999999999
ENCSR000EDN,ENCFF766MOS,HepG2,MAZ,13391,0.987753,98.7753
ENCSR117KWH,ENCFF580TAE,GM12878,ZNF207,10343,0.987721,98.7721
ENCSR513XQX,ENCFF076UHS,A549,SIN3A,37503,0.987708,98.77080000000001
ENCSR000BGL,ENCFF222NHS,HepG2,SIN3A,17431,0.98692,98.69200000000001
ENCSR261VAS,ENCFF241PJE,smooth muscle cell,CTCF,28706,0.986797,98.6797
ENCSR362CPB,ENCFF527MOR,HepG2,HDAC1,11541,0.98657,98.657
ENCSR000BNY,ENCFF795HVQ,HCT116,ZBTB33,2206,0.986401,98.6401
ENCSR000BKU,ENCFF371NVU,K562,YY1,4516,0.986271,98.6271
ENCSR452YHM,ENCFF347MTY,HepG2,SIN3B,4500,0.986222,98.6222
ENCSR000DYD,ENCFF277ZAR,A549,CTCF,36455,0.985681,98.5681
ENCSR000BQN,ENCFF735TTP,PFSK-1,TAF1,11488,0.985376,98.5376
ENCSR657JLK,ENCFF892JRL,K562,SIN3B,7580,0.985092,98.50919999999999
ENCSR000BNT,ENCFF042DUJ,HepG2,YY1,9684,0.98482,98.482
ENCSR000APF,ENCFF199GLL,osteoblast,CTCF,36959,0.984713,98.4713
ENCSR000BPT,ENCFF457YJH,A549,ELF1,9681,0.984506,98.4506
ENCSR000DKZ,ENCFF075DWD,GM13976,CTCF,23158,0.984498,98.4498
ENCSR000BKA,ENCFF363SYB,GM12878,ETS1,10846,0.983865,98.3865
ENCSR000EGW,ENCFF662LUH,K562,SMC3,26092,0.983788,98.3788
ENCSR887MXT,ENCFF606VIF,HeLa-S3,ZHX1,2868,0.983612,98.36120000000001
ENCSR160ZLP,ENCFF059IGE,H1-hESC,KDM5A,3476,0.983602,98.36019999999999
ENCSR000DZX,ENCFF823NYZ,GM12878,IRF3,1641,0.983547,98.3547
ENCSR174GOO,ENCFF429KHK,HepG2,3xFLAG-HMGXB4,20953,0.983535,98.35350000000001
ENCSR000BPY,ENCFF615CVL,A549,GABPA,14787,0.983364,98.3364
ENCSR000DYB,ENCFF011OYO,WI38,CTCF,29449,0.982988,98.2988
ENCSR875PEI,ENCFF838FGJ,MCF-7,TRIM22,18357,0.982895,98.28949999999999
ENCSR000ECC,ENCFF200CCE,H1-hESC,NRF1,4186,0.982561,98.2561
ENCSR000BPU,ENCFF500LMX,A549,ETS1,7997,0.982493,98.24929999999999
ENCSR000AOO,ENCFF046QCH,astrocyte,CTCF,35729,0.982367,98.2367
ENCSR635OSG,ENCFF500XIG,liver,RAD21,21252,0.982355,98.2355
ENCSR920BLG,ENCFF446MUL,K562,SIN3A,11597,0.982323,98.2323
ENCSR000EEL,ENCFF565SBG,HepG2,TBP,16645,0.982277,98.2277
ENCSR000AQK,ENCFF490VGQ,H1-hESC,CHD1,3650,0.982192,98.2192
ENCSR000BQE,ENCFF899FIQ,Ishikawa,CTCF,23031,0.982068,98.2068
ENCSR000BHS,ENCFF868ZRM,HeLa-S3,GABPA,7014,0.982036,98.20360000000001
ENCSR000BSE,ENCFF056ESE,HCT116,CTCF,30116,0.981737,98.1737
ENCSR000EDW,ENCFF933XNU,HepG2,SMC3,25587,0.981553,98.1553
ENCSR000EBY,ENCFF372RQZ,H1-hESC,MYC,5205,0.98098,98.098
ENCSR000BNX,ENCFF279EVE,HCT116,YY1,7329,0.980761,98.0761
ENCSR000AUE,ENCFF378LBW,A549,CTCF,46029,0.98073,98.073
ENCSR000BPB,ENCFF600VDZ,SK-N-SH,SIN3A,12819,0.980654,98.0654
ENCSR000DZI,ENCFF380XEC,GM12878,MXI1,17639,0.980441,98.0441
ENCSR407BEZ,ENCFF158NBU,HepG2,ZHX2,10449,0.980094,98.0094
ENCSR000BPS,ENCFF216EYM,A549,ATF3,10245,0.97999,97.99900000000001
ENCSR000AMA,ENCFF286EMA,HepG2,CTCF,32661,0.979547,97.95469999999999
ENCSR642VZY,ENCFF561ZCZ,K562,KDM4B,5691,0.979441,97.9441
ENCSR000DZA,ENCFF460RWM,GM12878,MAZ,21748,0.979308,97.93079999999999
ENCSR000EUU,ENCFF786BQV,HCT116,POLR2A,15512,0.979306,97.9306
ENCSR000EDD,ENCFF237THN,HeLa-S3,TBP,22676,0.979097,97.9097
ENCSR000BPM,ENCFF993AAD,A549,YY1,12127,0.979055,97.9055
ENCSR000DZE,ENCFF836XKX,GM12878,CHD1,5309,0.978904,97.8904
ENCSR000DRE,ENCFF735IEO,GM12865,CTCF,37595,0.978747,97.8747
ENCSR000DSZ,ENCFF255LCA,astrocyte of the cerebellum,CTCF,39968,0.978658,97.86580000000001
ENCSR000DQI,ENCFF774IIX,BJ,CTCF,44353,0.978649,97.8649
ENCSR000DUB,ENCFF913REJ,HeLa-S3,CTCF,35882,0.978569,97.8569
ENCSR000DZL,ENCFF114TBN,GM12878,ZNF143,12673,0.978537,97.8537
ENCSR219MKK,ENCFF271QKH,HeLa-S3,DEK,7638,0.978528,97.8528
ENCSR000DRZ,ENCFF906GEW,GM12878,CTCF,36474,0.978341,97.8341
ENCSR670YPQ,ENCFF249MMP,HepG2,3xFLAG-DMAP1,26051,0.978312,97.8312
ENCSR673WZL,ENCFF004LSM,LNCAP,CTCF,32381,0.978166,97.8166
ENCSR000DVH,ENCFF010WHH,kidney epithelial cell,CTCF,43868,0.978093,97.8093
ENCSR000DUX,ENCFF310TCJ,fibroblast of pulmonary artery,CTCF,40827,0.978054,97.80539999999999
ENCSR000BPL,ENCFF992GIC,SK-N-MC,POLR2AphosphoS5,14289,0.977955,97.7955
ENCSR000BLU,ENCFF088PUQ,H1-hESC,TAF7,11881,0.977948,97.79480000000001
ENCSR000BIW,ENCFF743LHV,H1-hESC,GABPA,5282,0.977849,97.7849
ENCSR000EUO,ENCFF687AZW,H1-hESC,CTBP2,5856,0.977801,97.7801
ENCSR000EFW,ENCFF729POI,K562,UBTF,8076,0.977093,97.7093
ENCSR745VSQ,ENCFF492YUE,HepG2,3xFLAG-GMEB2,5160,0.976744,97.67439999999999
ENCSR514VAY,ENCFF309XXF,GM12878,HCFC1,8026,0.976576,97.6576
ENCSR508LMH,ENCFF808CXM,HepG2,ASH2L,39879,0.976554,97.6554
ENCSR558OMR,ENCFF043KKC,HepG2,3xFLAG-TFDP1,13766,0.976391,97.6391
ENCSR596FEL,ENCFF084VQB,HepG2,3xFLAG-RBPJ,16488,0.976164,97.6164
ENCSR069DPL,ENCFF575KEH,neural progenitor cell,EZH2,23467,0.976094,97.60940000000001
ENCSR000BHB,ENCFF803HGS,GM12878,EP300,1995,0.97594,97.59400000000001
ENCSR000DRR,ENCFF522MKO,GM12874,CTCF,38177,0.975928,97.5928
ENCSR933MHJ,ENCFF825GFC,A549,KDM5A,4796,0.975813,97.5813
ENCSR000AKB,ENCFF536RGD,GM12878,CTCF,38952,0.975637,97.5637
ENCSR000BHE,ENCFF809XRT,A549,NR3C1,1702,0.975323,97.5323
ENCSR000DZF,ENCFF075AKQ,GM12878,MAX,15548,0.975174,97.5174
ENCSR000BJT,ENCFF642VPT,A549,NR3C1,10110,0.975173,97.51729999999999
ENCSR000BGS,ENCFF767OVB,GM12878,TAF1,15385,0.975171,97.5171
ENCSR000BJX,ENCFF636ARM,HepG2,SP1,2011,0.975137,97.5137
ENCSR000EZU,ENCFF723QGS,K562,MYC,12954,0.974988,97.4988
ENCSR000DPP,ENCFF419OQC,AG09309,CTCF,41093,0.974984,97.49839999999999
ENCSR000AQF,ENCFF016MVN,K562,HDAC1,7159,0.974717,97.4717
ENCSR000DTI,ENCFF700UZN,cardiac muscle cell,CTCF,45744,0.974576,97.4576
ENCSR000AQU,ENCFF239TCZ,DND-41,CTCF,35295,0.974557,97.45570000000001
ENCSR000BPZ,ENCFF192LJQ,A549,ZBTB33,9454,0.974402,97.4402
ENCSR000FAZ,ENCFF695KNI,K562,MYC,7193,0.974281,97.4281
ENCSR670JDQ,ENCFF124NBN,K562,RB1,21224,0.974227,97.42269999999999
ENCSR503GVO,ENCFF897IRP,HCT116,ZFX,15109,0.973658,97.36580000000001
ENCSR611WZO,ENCFF801IEP,HeLa-S3,SREBF2,2900,0.973103,97.31030000000001
ENCSR000EGT,ENCFF548PPV,K562,IRF1,13817,0.972932,97.2932
ENCSR000BKJ,ENCFF300KTC,GM12891,YY1,12103,0.972899,97.28989999999999
ENCSR387JKT,ENCFF376AQU,HepG2,3xFLAG-KDM3A,15713,0.97257,97.257
ENCSR000EDY,ENCFF684AZX,HepG2,BRCA1,1851,0.972447,97.2447
ENCSR254YRM,ENCFF536RRU,liver,CTCF,36672,0.972295,97.2295
ENCSR000DNA,ENCFF248QLS,A549,CTCF,36323,0.972249,97.2249
ENCSR109YGM,ENCFF562ERQ,K562,CREB3L1,13696,0.972182,97.2182
ENCSR402IDP,ENCFF542EGF,MM.1S,CTCF,43021,0.972107,97.2107
ENCSR000ALV,ENCFF207ZRI,mammary epithelial cell,CTCF,34951,0.972047,97.2047
ENCSR665UFC,ENCFF694YHD,HepG2,3xFLAG-ZNF639,11516,0.972039,97.2039
ENCSR529JYA,ENCFF838QKQ,HepG2,HCFC1,5501,0.971823,97.1823
ENCSR441KFW,ENCFF459PYY,HepG2,3xFLAG-MXD4,20608,0.97171,97.17099999999999
ENCSR986CDX,ENCFF296WNS,K562,NEUROD1,10378,0.971671,97.16709999999999
ENCSR315NAC,ENCFF043GDK,LNCAP,CTCF,44032,0.971543,97.1543
ENCSR000ECB,ENCFF108YPE,H1-hESC,TBP,18153,0.97141,97.141
ENCSR412ZDC,ENCFF674FRU,HepG2,3xFLAG-AHR,6730,0.971322,97.1322
ENCSR523XCR,ENCFF866ZRE,HepG2,RNF2,10021,0.97126,97.126
ENCSR071YVR,ENCFF935AGY,HepG2,3xFLAG-KMT2B,21227,0.971075,97.1075
ENCSR000BRL,ENCFF582OZH,A549,SIX5,7329,0.970937,97.0937
ENCSR000DUM,ENCFF401MQL,HFF-Myc,CTCF,40587,0.970779,97.0779
ENCSR288IJC,ENCFF241JCK,MCF-7,MAZ,15039,0.970676,97.0676
ENCSR000EWJ,ENCFF680USG,K562,E2F6,16654,0.970638,97.0638
ENCSR793HVL,ENCFF060MGE,GM12878,E2F8,4735,0.970433,97.0433
ENCSR000BIB,ENCFF893SZU,GM12892,TAF1,10920,0.970421,97.0421
ENCSR000DYQ,ENCFF889SRN,GM12878,ESRRA,3558,0.970208,97.0208
ENCSR462KYU,ENCFF882PRQ,HepG2,3xFLAG-GABPB1,29358,0.970127,97.0127
ENCSR000BRF,ENCFF910CRE,A549,JUND,16666,0.970119,97.0119
ENCSR000DPY,ENCFF715GFM,fibroblast of the aortic adventitia,CTCF,42375,0.969959,96.9959
ENCSR000DZZ,ENCFF571FGG,GM12878,TBP,15613,0.969449,96.9449
ENCSR000EEG,ENCFF787LPL,HepG2,RAD21,39847,0.969207,96.92070000000001
ENCSR000EFZ,ENCFF161BNR,K562,UBTF,18499,0.969188,96.9188
ENCSR000DLB,ENCFF803RRC,GM13977,CTCF,38786,0.969113,96.9113
ENCSR000EZV,ENCFF120IMP,K562,MYC,11061,0.9689,96.89
ENCSR000EBO,ENCFF878JMO,H1-hESC,SIN3A,28299,0.968727,96.8727
ENCSR000EDS,ENCFF238MIV,HepG2,MAX,12518,0.968286,96.8286
ENCSR000EDV,ENCFF339LOH,HepG2,EP300,7434,0.96785,96.785
ENCSR252QYR,ENCFF310IQK,hepatocyte,CTCF,46684,0.967655,96.7655
ENCSR000BMD,ENCFF617WYS,K562,ELF1,15091,0.967597,96.75970000000001
ENCSR340BXT,ENCFF416QPD,HepG2,3xFLAG-KAT7,14157,0.967083,96.70830000000001
ENCSR680OFU,ENCFF979KQB,HeLa-S3,EP300,14098,0.966591,96.6591
ENCSR909GJR,ENCFF701OWK,HepG2,3xFLAG-MXD3,15597,0.966147,96.6147
ENCSR000DKN,ENCFF252FHU,H54,CTCF,44221,0.966057,96.6057
ENCSR000EIC,ENCFF241SRR,SK-N-SH,CTCF,47315,0.966057,96.6057
ENCSR000BQQ,ENCFF936EFC,A549,TCF12,19614,0.965943,96.5943
ENCSR828NCB,ENCFF199EDM,GM12878,GATAD2B,28113,0.965745,96.5745
ENCSR027UFT,ENCFF586XTX,C4-2B,ZFX,11121,0.96574,96.574
ENCSR730TBC,ENCFF651YUW,HepG2,MNT,9804,0.965728,96.5728
ENCSR000EGZ,ENCFF457COE,K562,MXI1,8599,0.965694,96.5694
ENCSR681WHQ,ENCFF487KTD,HepG2,ETS1,7947,0.96527,96.527
ENCSR221GAN,ENCFF768YPD,K562,MBD2,11668,0.965033,96.5033
ENCSR557RVF,ENCFF376CAG,K562,ZHX1,2689,0.964299,96.4299
ENCSR765MKZ,ENCFF751UFO,HepG2,3xFLAG-DRAP1,24501,0.964206,96.42060000000001
ENCSR938ETG,ENCFF413WVP,HepG2,3xFLAG-KLF9,8381,0.964205,96.4205
ENCSR000DWQ,ENCFF498QCT,foreskin fibroblast,CTCF,46678,0.964137,96.4137
ENCSR822CEA,ENCFF761CZS,neural cell,CTCF,50562,0.964123,96.4123
ENCSR000DVQ,ENCFF439OCI,fibroblast of villous mesenchyme,CTCF,46538,0.964051,96.4051
ENCSR583ACG,ENCFF825ZCR,K562,BRD4,6188,0.963963,96.3963
ENCSR000DSU,ENCFF183YLB,astrocyte of the spinal cord,CTCF,47187,0.963952,96.3952
ENCSR000APM,ENCFF825LUV,fibroblast of dermis,CTCF,44220,0.963885,96.3885
ENCSR000BGA,ENCFF926GAC,PFSK-1,FOXP2,11885,0.96382,96.382
ENCSR823ADL,ENCFF291BVN,HepG2,3xFLAG-RFXANK,8036,0.963539,96.35390000000001
ENCSR590CNM,ENCFF464IZM,HepG2,GATA4,10511,0.963467,96.3467
ENCSR000EBU,ENCFF714LGO,H1-hESC,CHD1,1724,0.963457,96.3457
ENCSR000BNK,ENCFF653WEF,K562,CTCFL,10465,0.963402,96.3402
ENCSR072EUE,ENCFF898YBS,OCI-LY1,CTCF,40997,0.963241,96.3241
ENCSR000BME,ENCFF482PBU,K562,ZBTB7A,21365,0.962977,96.29769999999999
ENCSR000BNN,ENCFF144DMD,K562,THAP1,4501,0.962897,96.2897
ENCSR974OFJ,ENCFF379JVC,GM12878,KLF5,7652,0.962886,96.2886
ENCSR514EOE,ENCFF626FDD,HepG2,BRD4,4356,0.96281,96.281
ENCSR000BLR,ENCFF643PFS,K562,SIN3A,725,0.962759,96.27590000000001
ENCSR000BMY,ENCFF618UTS,GM12878,RAD21,38813,0.962693,96.2693
ENCSR384LYW,ENCFF635YAT,hepatocyte,EZH2,9484,0.962463,96.24629999999999
ENCSR636MKU,ENCFF245FMD,GM12878,BACH1,15422,0.962327,96.23270000000001
ENCSR468LUO,ENCFF598QQF,MCF-7,SIN3A,27739,0.962255,96.2255
ENCSR210HBN,ENCFF650ZHD,HepG2,3xFLAG-IKZF5,24225,0.962229,96.2229
ENCSR876UYH,ENCFF577XYS,MCF-7,ZHX2,5146,0.962106,96.2106
ENCSR563LLO,ENCFF634VUQ,K562,E2F1,7598,0.962095,96.2095
ENCSR360JOC,ENCFF531CTU,MCF-7,CHD1,8440,0.962085,96.2085
ENCSR382WLL,ENCFF810GDI,MCF-7,ELK1,4942,0.961959,96.1959
ENCSR000BPE,ENCFF154NAC,A549,SP1,42871,0.961582,96.15820000000001
ENCSR991ELG,ENCFF440HZQ,K562,SP1,12372,0.961445,96.1445
ENCSR742TMU,ENCFF337XJU,K562,ZNF282,8547,0.96139,96.139
ENCSR616OSG,ENCFF236SLK,HepG2,3xFLAG-KLF11,11806,0.961376,96.1376
ENCSR000EFG,ENCFF856RYW,IMR-90,RCOR1,2610,0.961303,96.1303
ENCSR000EXX,ENCFF352SHQ,Raji,POLR2A,28489,0.961248,96.1248
ENCSR000BLO,ENCFF554UPA,K562,GABPA,11354,0.961247,96.12469999999999
ENCSR173CTF,ENCFF842LKY,HepG2,3xFLAG-ZNF580,17602,0.961084,96.1084
ENCSR502NRF,ENCFF554VSA,MCF-7,ELF1,16441,0.960586,96.0586
ENCSR000BMZ,ENCFF390NSZ,HepG2,ELF1,20243,0.960233,96.0233
ENCSR372JXR,ENCFF303TLQ,HepG2,3xFLAG-ZNF511,14761,0.96003,96.003
ENCSR914NEI,ENCFF678KKB,K562,MTA3,20281,0.959963,95.9963
ENCSR156CWW,ENCFF497ZJO,HepG2,3xFLAG-DNMT3B,9905,0.959717,95.9717
ENCSR000EFU,ENCFF408WSW,K562,ELK1,3712,0.959591,95.95909999999999
ENCSR108TYQ,ENCFF469QQF,HepG2,3xFLAG-GATAD1,25012,0.959459,95.9459
ENCSR000BQH,ENCFF200RTY,A549,BCL3,9475,0.959367,95.9367
ENCSR000EEH,ENCFF166IHW,HepG2,NRF1,2013,0.958768,95.87679999999999
ENCSR485OYR,ENCFF931ILD,HepG2,3xFLAG-ZBTB25,18060,0.958583,95.8583
ENCSR000BKE,ENCFF416CBR,HepG2,ATF3,3180,0.958491,95.84909999999999
ENCSR000EHL,ENCFF375FRM,K562,POLR2A,12475,0.958156,95.8156
ENCSR000BGR,ENCFF003INQ,GM12878,PBX3,3210,0.957944,95.7944
ENCSR000DQN,ENCFF179QAX,Caco-2,CTCF,45008,0.957496,95.7496
ENCSR993LMB,ENCFF482RHW,HepG2,3xFLAG-TGIF2,20229,0.957338,95.7338
ENCSR757EKM,ENCFF407YHS,HepG2,3xFLAG-KLF6,18459,0.957311,95.7311
ENCSR000DMY,ENCFF363BEL,D721Med,CTCF,41494,0.957295,95.7295
ENCSR096IIB,ENCFF927RTA,HepG2,3xFLAG-ETV5,19655,0.957161,95.7161
ENCSR000DWE,ENCFF389ELU,K562,CTCF,39447,0.957056,95.7056
ENCSR718SDE,ENCFF453DGG,K562,RLF,7077,0.957044,95.7044
ENCSR235OVI,ENCFF256XPZ,HepG2,3xFLAG-NFKBIZ,13414,0.956985,95.6985
ENCSR699YFX,ENCFF968QGZ,MCF-7,CLOCK,5308,0.956858,95.6858
ENCSR000EXG,ENCFF293PVG,NT2/D1,YY1,3798,0.956819,95.6819
ENCSR000DQW,ENCFF634TZO,GM06990,CTCF,45546,0.956659,95.66590000000001
ENCSR303GFI,ENCFF818GAP,RWPE1,CTCF,53126,0.956293,95.6293
ENCSR934JDG,ENCFF814ZPW,MCF-7,CLOCK,7376,0.956209,95.62089999999999
ENCSR000BQA,ENCFF844ZVZ,HepG2,ZBTB7A,10554,0.956036,95.6036
ENCSR000EDQ,ENCFF885XWO,HepG2,RCOR1,4832,0.955919,95.5919
ENCSR988LZG,ENCFF690TBO,HepG2,3xFLAG-ARID4B,49079,0.955561,95.5561
ENCSR000DTR,ENCFF964VIQ,epithelial cell of esophagus,CTCF,46185,0.955224,95.52239999999999
ENCSR714YZG,ENCFF380IQS,HepG2,ETV4,18863,0.95515,95.515
ENCSR000BKK,ENCFF048GGM,H1-hESC,EP300,9185,0.955144,95.5144
ENCSR038DJJ,ENCFF012KDB,K562,SMAD1,7123,0.954514,95.45139999999999
ENCSR835XKS,ENCFF548HXK,GM12878,TRIM22,34323,0.954345,95.4345
ENCSR000AOA,ENCFF533TKY,HeLa-S3,CTCF,45982,0.953895,95.3895
ENCSR954KIC,ENCFF862MKQ,HepG2,3xFLAG-KAT8,34767,0.953462,95.34620000000001
ENCSR604UJV,ENCFF663FWZ,HepG2,3xFLAG-IRF2,26735,0.953245,95.3245
ENCSR251OVJ,ENCFF891JAX,GM12878,SMAD5,9792,0.952104,95.21039999999999
ENCSR435OQD,ENCFF439ZYX,MCF-7,ZFX,8848,0.95208,95.208
ENCSR979QYJ,ENCFF596TWD,K562,MNT,19845,0.951726,95.1726
ENCSR000BLI,ENCFF160TXQ,K562,E2F6,19338,0.951598,95.1598
ENCSR000EBX,ENCFF183BLB,H1-hESC,BRCA1,1527,0.951539,95.15390000000001
ENCSR159DQO,ENCFF221DHS,HepG2,3xFLAG-ERF,29384,0.95147,95.147
ENCSR000BJN,ENCFF871STF,HepG2,TAF1,16586,0.951043,95.1043
ENCSR849WCQ,ENCFF092GMD,GM12878,ASH2L,5939,0.950665,95.0665
ENCSR815ZDS,ENCFF869JTA,K562,SREBF1,2364,0.950508,95.0508
ENCSR000DRB,ENCFF861LCH,GM12864,CTCF,44867,0.950409,95.0409
ENCSR531VIJ,ENCFF261LSG,HepG2,3xFLAG-MIER3,16849,0.950323,95.0323
ENCSR348JOJ,ENCFF088ADT,MCF-7,MTA1,7498,0.949853,94.9853
ENCSR000BLB,ENCFF097XOQ,Ishikawa,NR3C1,2446,0.949714,94.97139999999999
ENCSR000BLT,ENCFF571RHI,GM12892,YY1,11786,0.949601,94.9601
ENCSR336DXE,ENCFF100VPO,K562,SKIL,17637,0.949028,94.9028
ENCSR704IGU,ENCFF848JMT,HepG2,3xFLAG-ZGPAT,38329,0.948368,94.8368
ENCSR000EWF,ENCFF632ZHY,K562,YY1,4253,0.948272,94.8272
ENCSR000BGZ,ENCFF176ILA,GM12878,TCF12,21277,0.948207,94.8207
ENCSR196HOM,ENCFF734LKN,epithelial cell of prostate,CTCF,96786,0.948205,94.8205
ENCSR387SYS,ENCFF389KBV,K562,DEAF1,3409,0.948079,94.8079
ENCSR813DCK,ENCFF427XBU,GM12878,SMAD1,6946,0.948028,94.8028
ENCSR000EFN,ENCFF734CJH,K562,HCFC1,13043,0.947865,94.78649999999999
ENCSR011CIR,ENCFF426EXL,HepG2,3xFLAG-ZNF614,16670,0.94769,94.769
ENCSR712FAM,ENCFF405THA,HepG2,3xFLAG-ZSCAN9,18887,0.947636,94.7636
ENCSR396SOH,ENCFF615GQC,HepG2,3xFLAG-ZNF792,21481,0.947442,94.7442
ENCSR000BNA,ENCFF173UJG,HepG2,ZBTB33,1973,0.947288,94.7288
ENCSR000BIS,ENCFF963KTA,H1-hESC,SIN3A,9053,0.947089,94.7089
ENCSR000DTW,ENCFF008LSM,HEK293,CTCF,43246,0.946932,94.6932
ENCSR412YGM,ENCFF282AHI,GM12878,ZSCAN29,4272,0.946863,94.6863
ENCSR203QEB,ENCFF349TOJ,Panc1,CTCF,60126,0.946778,94.6778
ENCSR253OON,ENCFF130WFH,HepG2,3xFLAG-ATF1,12659,0.946678,94.6678
ENCSR000AVB,ENCFF375YQD,H1-hESC,HDAC2,13559,0.94653,94.65299999999999
ENCSR000DTA,ENCFF399PNA,brain microvascular endothelial cell,CTCF,54677,0.946413,94.6413
ENCSR000BNP,ENCFF271FAK,GM12878,YY1,34485,0.946324,94.6324
ENCSR000DYZ,ENCFF859GGT,GM12878,TBL1XR1,12812,0.9463,94.63000000000001
ENCSR847XGE,ENCFF773RMX,22Rv1,CTCF,85051,0.945997,94.5997
ENCSR511CUH,ENCFF458BIY,neural cell,EZH2,3158,0.945852,94.5852
ENCSR000BKP,ENCFF093TYW,H1-hESC,JUND,8739,0.94576,94.57600000000001
ENCSR168CEE,ENCFF601ZZJ,K562,NCOA6,3280,0.945732,94.5732
ENCSR903ELW,ENCFF916WZZ,HepG2,CREM,25210,0.945577,94.5577
ENCSR009KLQ,ENCFF418KCB,HepG2,3xFLAG-KLF16,28751,0.945532,94.5532
ENCSR415AEB,ENCFF622EUH,HepG2,3xFLAG-ZNF48,20929,0.945482,94.54820000000001
ENCSR957KYB,ENCFF455DUW,IMR-90,BHLHE40,20360,0.945236,94.5236
ENCSR000DZC,ENCFF090TBS,GM12878,RCOR1,9432,0.945081,94.5081
ENCSR841NDX,ENCFF529ZQW,GM12878,ELF1,31380,0.944869,94.48689999999999
ENCSR000ASE,ENCFF618OSB,fibroblast of dermis,EZH2,12445,0.944717,94.4717
ENCSR996ESX,ENCFF847JCH,K562,NFRKB,5856,0.943989,94.3989
ENCSR000DYR,ENCFF645LHM,GM12878,CUX1,1026,0.94347,94.34700000000001
ENCSR000BJA,ENCFF004MNA,H1-hESC,EGR1,9233,0.943355,94.33550000000001
ENCSR792MZV,ENCFF353FRG,HepG2,3xFLAG-MYRF,3371,0.94334,94.33399999999999
ENCSR000EGJ,ENCFF196VRG,K562,MYC,30137,0.943027,94.3027
ENCSR000EHA,ENCFF609UTS,K562,TBP,19870,0.942828,94.2828
ENCSR286PCG,ENCFF619KWZ,K562,ZBED1,5347,0.942211,94.2211
ENCSR101FJS,ENCFF074ARU,HepG2,TBL1XR1,8041,0.942171,94.2171
ENCSR000BRH,ENCFF112SWI,GM12878,MTA3,14010,0.942041,94.2041
ENCSR000DRP,ENCFF116XHX,GM12873,CTCF,49569,0.941778,94.1778
ENCSR000EFV,ENCFF481AOS,K562,MAX,29908,0.941454,94.1454
ENCSR000EGA,ENCFF117UOA,K562,TBL1XR1,5148,0.941336,94.1336
ENCSR076YPO,ENCFF666MKU,K562,RNF2,9465,0.941152,94.1152
ENCSR000BPJ,ENCFF101MTI,K562,CTCF,41531,0.940623,94.0623
ENCSR863KUB,ENCFF357AHH,K562,TCF7,5197,0.940543,94.0543
ENCSR953DVM,ENCFF008DYZ,K562,E2F8,9914,0.940387,94.03869999999999
ENCSR936XTK,ENCFF921MFR,GM12878,ZNF143,23316,0.940299,94.0299
ENCSR491EBY,ENCFF377AEV,K562,ARID2,7401,0.940278,94.0278
ENCSR808FFI,ENCFF589EKK,HepG2,3xFLAG-ZKSCAN8,11545,0.940147,94.01469999999999
ENCSR000BNR,ENCFF183ZNB,H1-hESC,HDAC2,6657,0.940063,94.0063
ENCSR000BQC,ENCFF766ZRX,endothelial cell of umbilical vein,POLR2AphosphoS5,30582,0.940063,94.0063
ENCSR857PBV,ENCFF084MBH,22Rv1,CTCF,87901,0.939477,93.9477
ENCSR135ANT,ENCFF182QJW,MCF-7,NRF1,5550,0.939459,93.94590000000001
ENCSR000BMH,ENCFF938BND,K562,YY1,7579,0.939438,93.9438
ENCSR000BJK,ENCFF883BHO,HepG2,GABPA,7522,0.938846,93.88459999999999
ENCSR697CUP,ENCFF471NRX,MCF-7,HCFC1,10239,0.938568,93.85679999999999
ENCSR085QEV,ENCFF023PLP,K562,NBN,13835,0.938562,93.8562
ENCSR000BID,ENCFF373FUS,HepG2,BHLHE40,2824,0.938385,93.8385
ENCSR000BQO,ENCFF402BIZ,A549,FOSL2,30683,0.938109,93.8109
ENCSR000DZW,ENCFF465IMC,GM12878,RFX5,4607,0.937921,93.7921
ENCSR643VTW,ENCFF300RMI,K562,SMARCA4,5732,0.937718,93.7718
ENCSR000ATR,ENCFF806GBQ,H1-hESC,SAP30,623,0.9374,93.74
ENCSR000BLZ,ENCFF276FAU,SK-N-SH,YY1,21331,0.937228,93.72279999999999
ENCSR502OEK,ENCFF667LOH,K562,ELF1,13453,0.937114,93.7114
ENCSR157CEN,ENCFF303SHI,HepG2,3xFLAG-ZNF205,20024,0.936876,93.6876
ENCSR562POI,ENCFF846OVB,HepG2,3xFLAG-THAP11,36606,0.936841,93.6841
ENCSR000DMF,ENCFF155PUW,LNCaP clone FGC,CTCF,47398,0.936537,93.6537
ENCSR000AHF,ENCFF723ODO,MCF-7,TAF1,7400,0.936216,93.6216
ENCSR000DMQ,ENCFF130MLE,MCF-7,MYC,31857,0.936215,93.6215
ENCSR589SNT,ENCFF945DTV,HepG2,3xFLAG-TFE3,24013,0.936076,93.6076
ENCSR125DAD,ENCFF284NPD,HepG2,3xFLAG-MLX,15628,0.93582,93.582
ENCSR019NPF,ENCFF132QXR,HepG2,3xFLAG-SP5,22529,0.935461,93.5461
ENCSR000BNH,ENCFF991GTC,H1-hESC,CTCF,44769,0.935312,93.5312
ENCSR860UHK,ENCFF013PBU,GM12878,CBFB,20413,0.93509,93.509
ENCSR658WFQ,ENCFF852MFA,K562,NCOA1,16049,0.935012,93.5012
ENCSR853ADA,ENCFF536CTX,HepG2,NRF1,14369,0.934651,93.4651
ENCSR016BMM,ENCFF977MOV,liver,TAF1,14402,0.934384,93.4384
ENCSR562NOP,ENCFF745PYF,DOHH2,EZH2phosphoT487,3058,0.934271,93.4271
ENCSR138FUZ,ENCFF876CPX,K562,RNF2,2732,0.933382,93.3382
ENCSR000BKC,ENCFF613DVF,H1-hESC,ATF3,5043,0.933373,93.3373
ENCSR940MHE,ENCFF002VCK,MCF-7,MBD2,6846,0.933246,93.3246
ENCSR473SUA,ENCFF273CDX,A549,ESRRA,2006,0.9332,93.32000000000001
ENCSR000BSU,ENCFF918BVV,MCF-7,JUND,10788,0.933166,93.31660000000001
ENCSR000BQB,ENCFF791OTS,endothelial cell of umbilical vein,POLR2A,24584,0.933005,93.3005
ENCSR856JJB,ENCFF413TLE,RWPE2,CTCF,102610,0.93295,93.29499999999999
ENCSR541AMF,ENCFF110KJR,SK-N-SH,CTCF,57609,0.932927,93.2927
ENCSR439WAF,ENCFF394KMU,GM12878,E4F1,4726,0.932924,93.2924
ENCSR207PFI,ENCFF907JXH,GM12878,ZBED1,9443,0.932649,93.2649
ENCSR465XQW,ENCFF058WUU,MCF-7,ZNF217,25904,0.932173,93.21730000000001
ENCSR218GSN,ENCFF190DJC,HEK293T,ZFX,21134,0.932147,93.2147
ENCSR000DMM,ENCFF789EME,MCF-7,MYC,23486,0.932045,93.2045
ENCSR376WCJ,ENCFF403GZC,K562,IRF2,6263,0.931981,93.1981
ENCSR212YKD,ENCFF595JHJ,GM12878,SKIL,15122,0.931821,93.1821
ENCSR265ARE,ENCFF766AVW,VCaP,CTCF,85362,0.931679,93.1679
ENCSR590KEQ,ENCFF585SRV,GM12878,ARNT,11905,0.931541,93.1541
ENCSR000DPC,ENCFF585ZFE,MCF 10A,POLR2A,27601,0.930582,93.0582
ENCSR000BMC,ENCFF176NJZ,HepG2,HDAC2,18332,0.930504,93.0504
ENCSR184SVO,ENCFF906KLB,HepG2,3xFLAG-ZBTB26,13547,0.930464,93.04639999999999
ENCSR784VUY,ENCFF950MBW,H1-hESC,RNF2,6974,0.930456,93.0456
ENCSR560BUE,ENCFF047HAG,MCF-7,CTCF,54719,0.930335,93.0335
ENCSR000BTK,ENCFF387FKQ,HL-60,GABPA,8654,0.930321,93.0321
ENCSR331ORD,ENCFF721SZO,HepG2,3xFLAG-CREB1,24440,0.930074,93.00739999999999
ENCSR000EGS,ENCFF838NIW,K562,MYC,27659,0.929752,92.9752
ENCSR000ECA,ENCFF678SSA,H1-hESC,JUN,2505,0.929741,92.9741
ENCSR819ATC,ENCFF500JAL,GM12878,MYB,2957,0.929658,92.9658
ENCSR031ING,ENCFF867MGI,HepG2,3xFLAG-KDM6A,12962,0.929563,92.9563
ENCSR000DQD,ENCFF252QZC,BE2C,CTCF,52725,0.92954,92.95400000000001
ENCSR000DPA,ENCFF489RYB,MCF 10A,POLR2A,34272,0.929272,92.9272
ENCSR000BII,ENCFF680HDE,GM12891,POU2F2,18170,0.928784,92.8784
ENCSR888XZK,ENCFF749WKK,K562,TCF7L2,1750,0.928571,92.8571
ENCSR588AKU,ENCFF049YPY,K562,RUNX1,3150,0.928571,92.8571
ENCSR269TNX,ENCFF926MTA,HepG2,3xFLAG-GABPA,24570,0.928409,92.8409
ENCSR278SQL,ENCFF400GKD,GM12878,NBN,38110,0.928182,92.81819999999999
ENCSR000DZS,ENCFF003ZGU,GM12878,BRCA1,569,0.927944,92.7944
ENCSR608XTF,ENCFF389LKZ,K562,RNF2,3469,0.927933,92.7933
ENCSR000FCB,ENCFF830UEH,K562,MITF,6806,0.927711,92.77109999999999
ENCSR000FAX,ENCFF716CWM,K562,POLR2A,17985,0.927606,92.76060000000001
ENCSR000EIA,ENCFF030DAG,SK-N-SH,MXI1,31556,0.926797,92.6797
ENCSR000EUV,ENCFF736EVD,HCT116,TCF7L2,15431,0.926188,92.61880000000001
ENCSR512NLO,ENCFF119EPK,K562,MNT,25698,0.926142,92.6142
ENCSR031TFS,ENCFF909KNE,K562,POLR2A,23730,0.925874,92.5874
ENCSR125NBL,ENCFF102XIH,neural progenitor cell,CTCF,59122,0.925307,92.5307
ENCSR445ACU,ENCFF319FBU,HepG2,SOX13,6745,0.925278,92.5278
ENCSR000BIR,ENCFF695XRW,H1-hESC,SP1,18186,0.925217,92.5217
ENCSR000BGK,ENCFF483RLR,HepG2,JUND,24931,0.925153,92.5153
ENCSR000EAA,ENCFF679UWZ,GM12878,WRNIP1,7620,0.925066,92.5066
ENCSR000DTO,ENCFF850PKJ,HCT116,CTCF,49581,0.925032,92.50319999999999
ENCSR119VCX,ENCFF552BXT,K562,PHF21A,4621,0.924692,92.4692
ENCSR770AOR,ENCFF503PQW,HepG2,3xFLAG-ELF3,39603,0.924576,92.4576
ENCSR000DXW,ENCFF505BGP,WERI-Rb-1,CTCF,52232,0.924184,92.4184
ENCSR959OMS,ENCFF189NTN,HepG2,3xFLAG-SAP130,66063,0.924133,92.41329999999999
ENCSR988ZSI,ENCFF793YUM,HepG2,3xFLAG-RERE,11740,0.924106,92.4106
ENCSR000BPA,ENCFF034KAQ,SK-N-SH,POLR2AphosphoS5,26120,0.924081,92.4081
ENCSR859FDL,ENCFF012XLD,GM12878,ZNF687,28654,0.923257,92.3257
ENCSR706YUH,ENCFF815RKD,GM12878,SMARCA5,20258,0.923191,92.31909999999999
ENCSR042TWZ,ENCFF129XCG,MCF-7,SNIP1,2200,0.922727,92.2727
ENCSR000DYS,ENCFF330LVI,GM12878,JUND,6987,0.922427,92.2427
ENCSR000BIE,ENCFF252PLM,HepG2,CTCF,51979,0.922142,92.2142
ENCSR000EBZ,ENCFF446WOD,H1-hESC,JUND,11425,0.922013,92.2013
ENCSR000DZD,ENCFF696CNS,GM12878,EP300,13488,0.921263,92.1263
ENCSR931HNY,ENCFF371FZO,K562,NCOA1,9164,0.921213,92.12129999999999
ENCSR949NVY,ENCFF208AKZ,K562,ZNF639,11780,0.921053,92.1053
ENCSR899BKM,ENCFF327FRU,MCF-7,ZNF687,15898,0.920996,92.09960000000001
ENCSR000BML,ENCFF934KIL,HCT116,POLR2AphosphoS5,36786,0.920975,92.0975
ENCSR155VDK,ENCFF373WRI,MCF-7,ZBTB11,2073,0.920888,92.0888
ENCSR000BMG,ENCFF190SJX,K562,HDAC2,5453,0.920778,92.0778
ENCSR054FKH,ENCFF851IPG,HepG2,3xFLAG-RAD21,61829,0.920765,92.0765
ENCSR177XCS,ENCFF313PGK,K562,BRD9,12642,0.92074,92.074
ENCSR000FCD,ENCFF548ITQ,K562,SMAD5,16594,0.920694,92.0694
ENCSR000FAY,ENCFF432VIV,K562,POLR2A,18169,0.920634,92.0634
ENCSR100UQX,ENCFF449ZBD,K562,TAF9B,15399,0.920579,92.0579
ENCSR839XZU,ENCFF035AJG,GM12878,CREM,28601,0.920492,92.0492
ENCSR000BGB,ENCFF085CNS,SK-N-MC,FOXP2,9497,0.920291,92.0291
ENCSR638QYO,ENCFF496COS,A549,SREBF2,612,0.919935,91.9935
ENCSR000BLS,ENCFF671FGG,HepG2,RAD21,54138,0.919871,91.9871
ENCSR000BKI,ENCFF222TUO,Ishikawa,POLR2A,24962,0.919518,91.95179999999999
ENCSR352BJL,ENCFF772WLM,K562,ZNF318,8025,0.918255,91.8255
ENCSR795IYP,ENCFF529CTW,K562,JUNB,3272,0.918093,91.80930000000001
ENCSR000BJI,ENCFF300QIO,GM12892,PAX5,4862,0.917935,91.7935
ENCSR626VUC,ENCFF269LTR,GM12878,ETV6,14941,0.917743,91.7743
ENCSR124BJR,ENCFF569AQR,K562,ETV6,1464,0.91735,91.735
ENCSR290ZOS,ENCFF592GSR,liver,EGR1,7386,0.917276,91.7276
ENCSR633OVO,ENCFF016NUM,HepG2,3xFLAG-RFX3,6178,0.91664,91.664
ENCSR669NFS,ENCFF108FQP,K562,ARNT,3069,0.916585,91.6585
ENCSR419KSZ,ENCFF746PIJ,HepG2,NCOR1,15077,0.916363,91.6363
ENCSR586DEH,ENCFF300FSQ,HepG2,3xFLAG-ZFP1,12403,0.916149,91.6149
ENCSR064LJN,ENCFF195SHB,A549,RFX5,3896,0.916068,91.60679999999999
ENCSR000BNW,ENCFF593FWV,K562,SIX5,2126,0.915334,91.5334
ENCSR784VIQ,ENCFF035BOY,GM12878,NR2C1,8984,0.915294,91.52940000000001
ENCSR124AIG,ENCFF847XXR,IMR-90,FOS,31927,0.915025,91.5025
ENCSR754MUD,ENCFF344JCK,HepG2,SKI,27888,0.914981,91.49810000000001
ENCSR000EGH,ENCFF318SAW,K562,JUN,9055,0.914964,91.4964
ENCSR201NQZ,ENCFF805RSY,K562,CTBP1,33954,0.914649,91.4649
ENCSR000EGM,ENCFF041ODC,K562,CTCF,54699,0.914386,91.43860000000001
ENCSR000BMI,ENCFF393NBO,GM12878,SRF,9798,0.914064,91.4064
ENCSR778UBR,ENCFF829MGY,GM12878,ARID3A,15041,0.913902,91.3902
ENCSR103SZL,ENCFF696VDG,HepG2,TFAP4,15524,0.913811,91.3811
ENCSR928KOR,ENCFF058FJN,K562,GMEB1,24368,0.913739,91.37389999999999
ENCSR000BHJ,ENCFF259SNF,GM12878,PAX5,20151,0.913702,91.3702
ENCSR331GDC,ENCFF059AZP,K562,ZBTB11,6255,0.913669,91.3669
ENCSR038GMB,ENCFF997IFW,liver,GABPA,18705,0.913178,91.3178
ENCSR000FAW,ENCFF857WHF,K562,POLR2A,21834,0.912934,91.2934
ENCSR000BMV,ENCFF503LMD,K562,FOSL1,6289,0.912546,91.2546
ENCSR000BGE,ENCFF012LEV,GM12878,SRF,2835,0.912522,91.2522
ENCSR077DKV,ENCFF159OAX,K562,CREM,37448,0.912385,91.2385
ENCSR509FWH,ENCFF733BVX,GM12878,DPF2,38570,0.912367,91.2367
ENCSR176EXN,ENCFF907IUT,MCF-7,JUN,4574,0.912112,91.2112
ENCSR179SAO,ENCFF528EBQ,A673,EZH2,5503,0.911685,91.1685
ENCSR000EHP,ENCFF365NCW,K562,POLR2A,20413,0.911527,91.1527
ENCSR000DZV,ENCFF039SJV,GM12878,STAT3,4927,0.911508,91.1508
ENCSR635EXI,ENCFF529AJE,K562,ZSCAN29,3838,0.911412,91.1412
ENCSR000BJW,ENCFF322AYC,H1-hESC,RXRA,1490,0.910738,91.0738
ENCSR638QHV,ENCFF136UPB,K562,ELF4,17581,0.910187,91.0187
ENCSR731LHZ,ENCFF233MGP,K562,E4F1,26074,0.90991,90.991
ENCSR000BQZ,ENCFF470LBM,GM12878,STAT5A,10415,0.90965,90.96499999999999
ENCSR508DQA,ENCFF606WYG,K562,FOXK2,20039,0.909526,90.95259999999999
ENCSR000DZK,ENCFF156EYN,GM12878,POLR2AphosphoS2,11405,0.90925,90.925
ENCSR494TDU,ENCFF460GYT,K562,NRF1,28727,0.909075,90.9075
ENCSR000EDT,ENCFF973QOP,HepG2,BHLHE40,17557,0.908811,90.8811
ENCSR000BGO,ENCFF636PWI,HeLa-S3,POLR2A,33776,0.908663,90.8663
ENCSR171CAY,ENCFF910WWV,K562,E2F7,2412,0.908375,90.8375
ENCSR707IUN,ENCFF561CJL,HeLa-S3,NFE2L2,4834,0.908151,90.8151
ENCSR000EFS,ENCFF905NMP,K562,JUN,17916,0.908071,90.80709999999999
ENCSR033NQK,ENCFF696WVL,K562,ZNF830,2227,0.907948,90.7948
ENCSR241LIH,ENCFF954QSX,K562,AFF1,6910,0.907815,90.78150000000001
ENCSR000FCE,ENCFF452INW,K562,ETV6,4830,0.907453,90.7453
ENCSR656MXA,ENCFF188DPS,neural progenitor cell,EZH2phosphoT487,21367,0.907427,90.7427
ENCSR160QYK,ENCFF407WIN,K562,GATAD2A,11025,0.907302,90.73020000000001
ENCSR000BND,ENCFF264KYF,GM12878,ZEB1,4395,0.90694,90.694
ENCSR657EOF,ENCFF594KPG,K562,NFRKB,19411,0.906805,90.6805
ENCSR000BKD,ENCFF183HLJ,H1-hESC,YY1,21008,0.906797,90.6797
ENCSR414TYY,ENCFF264QLP,K562,RUNX1,3182,0.906662,90.6662
ENCSR199WXF,ENCFF041QPS,GM12878,EED,35897,0.906482,90.6482
ENCSR000EHJ,ENCFF122XOC,K562,STAT1,2427,0.906469,90.6469
ENCSR000EEA,ENCFF773COA,HepG2,RFX5,6680,0.906287,90.6287
ENCSR613NUC,ENCFF446YER,K562,ARNT,11845,0.906205,90.6205
ENCSR000EUP,ENCFF731HPF,H1-hESC,MAX,4938,0.906035,90.6035
ENCSR230PTV,ENCFF830BRF,K562,ZBTB2,11854,0.905939,90.5939
ENCSR756ZKG,ENCFF033ZLO,OCI-LY3,CTCF,55568,0.905899,90.5899
ENCSR862PNL,ENCFF150MRK,HEK293T,L3MBTL2,26609,0.905784,90.5784
ENCSR298JCG,ENCFF757UDB,K562,NCOR1,6068,0.90557,90.557
ENCSR966PJY,ENCFF338JPJ,HepG2,3xFLAG-MIXL1,28121,0.905231,90.5231
ENCSR656SIB,ENCFF424JGX,HepG2,3xFLAG-ZBED5,5237,0.904907,90.4907
ENCSR725VFL,ENCFF300YEH,GM12878,TCF12,11722,0.90488,90.488
ENCSR000EXL,ENCFF108SNI,Panc1,TCF7L2,18984,0.904867,90.4867
ENCSR666QNP,ENCFF467MXY,HepG2,3xFLAG-TEAD3,31670,0.904263,90.4263
ENCSR345YWJ,ENCFF520SXF,liver,ZBTB33,4277,0.904138,90.4138
ENCSR302AWT,ENCFF154SRU,K562,FOXK2,18189,0.903733,90.3733
ENCSR096KPA,ENCFF064OJL,GM23248,EZH2phosphoT487,9253,0.903383,90.3383
ENCSR038XIA,ENCFF174SKR,MCF-7,ZNF444,17922,0.903192,90.3192
ENCSR780BBJ,ENCFF129QWO,K562,ZZZ3,1735,0.90317,90.31700000000001
ENCSR487ASM,ENCFF090GMA,MCF-7,SMARCA5,7062,0.903144,90.31439999999999
ENCSR670FDA,ENCFF843LQG,K562,NFATC3,4139,0.902875,90.2875
ENCSR000EDP,ENCFF137NDG,HepG2,ARID3A,20333,0.902818,90.2818
ENCSR847DIT,ENCFF138OAF,liver,MAX,29224,0.902751,90.2751
ENCSR000BHD,ENCFF952CNN,GM12878,PAX5,23267,0.90248,90.24799999999999
ENCSR000AHD,ENCFF409MXQ,MCF-7,CTCF,54335,0.90242,90.242
ENCSR238QRG,ENCFF145WWK,HepG2,TBX3,8457,0.902211,90.22109999999999
ENCSR000EHY,ENCFF773HOI,SK-N-SH,RFX5,7420,0.902022,90.2022
ENCSR387QUV,ENCFF192MYZ,GM12878,RELB,40062,0.901503,90.1503
ENCSR117CHD,ENCFF120LIC,HepG2,3xFLAG-HOMEZ,21994,0.900973,90.0973
ENCSR663ZZZ,ENCFF239NEA,MCF-7,MNT,34199,0.900874,90.0874
ENCSR000EZX,ENCFF385TGU,K562,JUN,4833,0.900476,90.0476
ENCSR192AFN,ENCFF219TAL,GM12878,PAX8,2322,0.900086,90.0086
ENCSR000BQK,ENCFF579NXQ,GM12878,ATF2,28826,0.900056,90.0056
ENCSR000EIB,ENCFF109HIE,SK-N-SH,JUND,22988,0.899991,89.9991
ENCSR000EGB,ENCFF992BIU,K562,TBL1XR1,14513,0.899814,89.9814
ENCSR000BSA,ENCFF333VCK,HCT116,JUND,21907,0.899484,89.94839999999999
ENCSR569ARC,ENCFF872LJE,HepG2,3xFLAG-NFYC,14710,0.899116,89.9116
ENCSR513UQG,ENCFF346KJG,IMR-90,USF2,14477,0.898736,89.8736
ENCSR460LGH,ENCFF880LTL,C4-2B,CTCF,91273,0.89859,89.859
ENCSR680UQE,ENCFF764DSU,GM12878,IKZF2,38470,0.898336,89.8336
ENCSR159OCC,ENCFF539RBU,K562,3xFLAG-ATF1,3352,0.89827,89.827
ENCSR000FAU,ENCFF304OMG,K562,STAT1,863,0.89803,89.803
ENCSR000BOV,ENCFF426UBL,Panc1,POLR2AphosphoS5,23124,0.897855,89.7855
ENCSR437GBJ,ENCFF899PKC,GM12878,NFATC3,18581,0.897799,89.7799
ENCSR000DMN,ENCFF542JWQ,MCF-7,POLR2A,25936,0.897748,89.7748
ENCSR000BQY,ENCFF613YPH,K562,PML,17434,0.897098,89.7098
ENCSR000FAV,ENCFF181PHR,K562,STAT1,969,0.896801,89.6801
ENCSR831EIW,ENCFF075HHT,HEK293T,FOXM1,3235,0.896754,89.67540000000001
ENCSR000BHI,ENCFF689QHF,A549,POLR2A,26918,0.896723,89.6723
ENCSR431TLD,ENCFF479PEX,MCF-7,SMARCE1,13544,0.896633,89.6633
ENCSR998AJK,ENCFF762NRN,K562,NRF1,36026,0.89663,89.66300000000001
ENCSR000BNV,ENCFF190IHG,K562,MEF2A,996,0.896586,89.65859999999999
ENCSR343ELW,ENCFF299RMS,K562,LEF1,14005,0.89618,89.618
ENCSR917QNE,ENCFF208GHS,liver,RAD21,59377,0.896138,89.6138
ENCSR138YYY,ENCFF589ZQU,K562,GABPB1,29973,0.895306,89.5306
ENCSR000BGY,ENCFF393ZEE,GM12878,IRF4,19718,0.894715,89.4715
ENCSR072GJV,ENCFF470INJ,HepG2,3xFLAG-HMG20A,16842,0.89449,89.449
ENCSR972ZBV,ENCFF953PPE,K562,ATF7,36568,0.894306,89.4306
ENCSR430JGJ,ENCFF740UST,HepG2,3xFLAG-THRB,11989,0.893235,89.3235
ENCSR594SMP,ENCFF762GKR,K562,PHF20,12990,0.893226,89.3226
ENCSR560SEP,ENCFF024NIL,HepG2,3xFLAG-RXRB,36023,0.893013,89.3013
ENCSR455DOO,ENCFF581CQM,HepG2,3xFLAG-RCOR2,20868,0.892946,89.2946
ENCSR000EZW,ENCFF058LTT,K562,JUN,5218,0.892679,89.2679
ENCSR000DOS,ENCFF013XMV,MCF 10A,MYC,39361,0.892584,89.25840000000001
ENCSR822AHX,ENCFF127UTH,GM12878,IKZF2,37107,0.89215,89.215
ENCSR000BJH,ENCFF315MWD,GM12891,PAX5,6368,0.89196,89.196
ENCSR000EZT,ENCFF090VAI,K562,JUN,7641,0.891114,89.1114
ENCSR018MQH,ENCFF058ADL,MCF-7,ZNF579,9755,0.890825,89.0825
ENCSR000EUJ,ENCFF045OQX,GM12878,IKZF1,12618,0.890712,89.07119999999999
ENCSR000EWM,ENCFF484BSF,K562,GATA1,2993,0.890411,89.0411
ENCSR000EGL,ENCFF736MBF,K562,IRF1,10365,0.8904,89.03999999999999
ENCSR000BLP,ENCFF448ZSO,K562,MAX,53289,0.890371,89.03710000000001
ENCSR000BIT,ENCFF264OCQ,H1-hESC,TCF12,9211,0.889697,88.96969999999999
ENCSR145XQO,ENCFF143KGD,GM12878,HDGF,17790,0.88932,88.932
ENCSR000BHG,ENCFF948WVM,A549,NR3C1,10792,0.889085,88.9085
ENCSR000BHH,ENCFF209ZSP,A549,POLR2A,30197,0.888863,88.88629999999999
ENCSR497JLX,ENCFF790ENL,HepG2,3xFLAG-TEAD1,33801,0.888228,88.8228
ENCSR547LKC,ENCFF334TMJ,K562,GATAD2B,9103,0.888169,88.8169
ENCSR000BHU,ENCFF141JYN,HepG2,RXRA,12195,0.887905,88.79050000000001
ENCSR574XEO,ENCFF909TDT,K562,NUFIP1,2300,0.887826,88.7826
ENCSR000BLW,ENCFF023LJV,HepG2,EP300,26070,0.887534,88.7534
ENCSR234VCE,ENCFF189LCD,MCF-7,DPF2,15312,0.887474,88.7474
ENCSR000EGV,ENCFF819MHF,K562,BHLHE40,25605,0.887131,88.7131
ENCSR807BGP,ENCFF843MEU,K562,MTA1,10529,0.886694,88.6694
ENCSR331HPA,ENCFF453CIO,GM12878,GABPA,6538,0.88651,88.651
ENCSR000DWH,ENCFF071JZI,MCF-7,CTCF,59679,0.886308,88.6308
ENCSR000BHN,ENCFF374UIH,H1-hESC,POLR2A,33251,0.885988,88.5988
ENCSR000EGP,ENCFF086USH,K562,ZNF143,24180,0.88598,88.598
ENCSR000EHO,ENCFF714WNT,K562,SMARCA4,2383,0.885858,88.5858
ENCSR000BHP,ENCFF630IDY,HepG2,FOSL2,20239,0.885815,88.5815
ENCSR519WMW,ENCFF102TZK,K562,SMARCC2,12528,0.885696,88.56960000000001
ENCSR000ARO,ENCFF767SOM,fibroblast of lung,EZH2,12243,0.885649,88.56490000000001
ENCSR155KHM,ENCFF805MAQ,K562,ARNT,7837,0.885415,88.5415
ENCSR000ECE,ENCFF998MYK,H1-hESC,RAD21,57081,0.885303,88.5303
ENCSR987MTA,ENCFF770FCH,GM12878,BHLHE40,35289,0.885092,88.50919999999999
ENCSR000EBQ,ENCFF429LKK,H1-hESC,BACH1,12496,0.884283,88.42830000000001
ENCSR173ZVL,ENCFF863OPI,GM12878,ZNF592,6377,0.884115,88.4115
ENCSR197ALX,ENCFF086TFH,K562,HDGF,8912,0.882855,88.2855
ENCSR009MBP,ENCFF354YJR,GM12878,HSF1,2202,0.882834,88.2834
ENCSR000BRN,ENCFF646JVP,GM12878,NFIC,31802,0.882586,88.2586
ENCSR000BNG,ENCFF468GCV,GM12878,MEF2C,4289,0.882257,88.22569999999999
ENCSR654CQU,ENCFF117NUA,K562,SNIP1,1689,0.882179,88.2179
ENCSR571PDN,ENCFF135EPJ,HepG2,3xFLAG-SSRP1,11589,0.881871,88.1871
ENCSR874AFU,ENCFF201JCN,GM12878,IKZF1,51763,0.881073,88.1073
ENCSR948QLZ,ENCFF191MYC,K562,CBX1,9495,0.88099,88.099
ENCSR800QIT,ENCFF860SGT,HepG2,HNF1A,13170,0.88079,88.079
ENCSR000ARE,ENCFF633TFF,mammary epithelial cell,EZH2,7471,0.880605,88.06049999999999
ENCSR000BIF,ENCFF213VYK,GM12878,POLR2AphosphoS5,32802,0.880434,88.0434
ENCSR737LTZ,ENCFF423GUZ,K562,MYNN,11583,0.879651,87.96509999999999
ENCSR000EGC,ENCFF170JJV,K562,RCOR1,5042,0.879611,87.9611
ENCSR530XQI,ENCFF445RNG,K562,L3MBTL2,45968,0.879503,87.9503
ENCSR387UWP,ENCFF410AIK,K562,HDAC1,45778,0.879003,87.9003
ENCSR137ZMQ,ENCFF418BWE,K562,REST,34990,0.87888,87.888
ENCSR711VWL,ENCFF493LXC,K562,HDAC1,32185,0.8778,87.78
ENCSR000FBC,ENCFF443IZC,K562,STAT2,2021,0.877783,87.7783
ENCSR675LRO,ENCFF745CJF,K562,MLLT1,8848,0.877599,87.7599
ENCSR000EGR,ENCFF124MXH,K562,NFYA,3586,0.877301,87.7301
ENCSR961WLZ,ENCFF299JTM,HepG2,3xFLAG-SOX5,29139,0.877072,87.7072
ENCSR000BMR,ENCFF757ZGV,K562,POLR2A,29996,0.876784,87.6784
ENCSR000BHZ,ENCFF554HGM,GM12892,POLR2A,26800,0.87653,87.653
ENCSR000BPC,ENCFF007PNW,PFSK-1,POLR2AphosphoS5,21987,0.876018,87.6018
ENCSR000BTL,ENCFF445GRG,HL-60,POLR2AphosphoS5,30178,0.875472,87.5472
ENCSR826YMT,ENCFF655FUP,HepG2,3xFLAG-SMAD4,42538,0.875429,87.5429
ENCSR832OGB,ENCFF870ESB,K562,LEF1,2801,0.875402,87.5402
ENCSR115PIK,ENCFF577PUV,HepG2,3xFLAG-MIER2,16789,0.875395,87.5395
ENCSR760UVO,ENCFF512PBA,K562,KLF16,16116,0.874162,87.4162
ENCSR230ZWH,ENCFF556AEV,liver,RAD21,78782,0.874134,87.4134
ENCSR000EBW,ENCFF879MMQ,H1-hESC,ZNF143,35287,0.874033,87.4033
ENCSR131FFJ,ENCFF114RVY,GM23248,EZH2,7582,0.873912,87.3912
ENCSR000BIK,ENCFF694NSV,GM12891,POLR2A,23875,0.873508,87.35079999999999
ENCSR000EFY,ENCFF272CWK,K562,ARID3A,10618,0.873422,87.3422
ENCSR514VYD,ENCFF008DRS,GM12878,NR2F1,33726,0.873273,87.3273
ENCSR000EHN,ENCFF993YKH,K562,SMARCB1,2082,0.873199,87.31989999999999
ENCSR000AQG,ENCFF660FBQ,K562,HDAC2,3910,0.87289,87.289
ENCSR343IFJ,ENCFF259WDV,K562,CC2D1A,18659,0.872876,87.2876
ENCSR000BHA,ENCFF800HNH,GM12878,BCL11A,16552,0.871919,87.1919
ENCSR000EGN,ENCFF826HDC,K562,JUND,41536,0.871389,87.13889999999999
ENCSR861JUQ,ENCFF578XIP,GM12878,FOXK2,4949,0.871085,87.1085
ENCSR157TCS,ENCFF355IGX,K562,SMARCE1,23430,0.87102,87.102
ENCSR024LKA,ENCFF608YGZ,K562,HDAC3,6210,0.87037,87.03699999999999
ENCSR442VBJ,ENCFF659LXK,MCF-7,RAD51,5960,0.870302,87.03020000000001
ENCSR391JII,ENCFF391WQH,MCF-7,RCOR1,6792,0.869994,86.99940000000001
ENCSR000BRS,ENCFF056DZM,K562,NR2F2,16874,0.8698,86.98
ENCSR402JAC,ENCFF975PZQ,MCF-7,ZNF574,2321,0.869022,86.9022
ENCSR000AVA,ENCFF100GWW,H1-hESC,CHD7,3431,0.868843,86.8843
ENCSR605YWG,ENCFF485YDQ,HepG2,TBX3,3650,0.868767,86.8767
ENCSR000DOZ,ENCFF854FKK,MCF 10A,STAT3,9613,0.868199,86.8199
ENCSR000EVU,ENCFF722HUF,endothelial cell of umbilical vein,FOS,29354,0.868195,86.8195
ENCSR196HGZ,ENCFF032ACV,liver,JUND,16542,0.867791,86.7791
ENCSR469WII,ENCFF446BHY,GM12878,BMI1,10059,0.867681,86.7681
ENCSR925BFV,ENCFF444KHX,HepG2,3xFLAG-GATAD2A,54510,0.867547,86.7547
ENCSR091JXL,ENCFF558HHY,K562,HES1,8278,0.866755,86.6755
ENCSR000BJE,ENCFF233IWJ,GM12878,SIX5,4544,0.866197,86.6197
ENCSR636EYA,ENCFF345ALQ,MCF-7,CTBP1,21843,0.866044,86.6044
ENCSR994YLZ,ENCFF805MUO,liver,YY1,31221,0.865827,86.5827
ENCSR000BKB,ENCFF131JIX,GM12878,MEF2A,18817,0.865707,86.5707
ENCSR177VFS,ENCFF230RZX,GM12878,MEF2B,37366,0.865305,86.5305
ENCSR000BGU,ENCFF210IRE,GM12878,EBF1,31637,0.865284,86.5284
ENCSR000EWG,ENCFF440KMN,K562,GATA2,4464,0.864919,86.4919
ENCSR226QQM,ENCFF695HIB,HepG2,3xFLAG-NFIA,22555,0.863356,86.3356
ENCSR000BQP,ENCFF015OEW,A549,REST,15846,0.863057,86.3057
ENCSR182QWU,ENCFF113GDJ,HepG2,3xFLAG-ZNF3,7998,0.862966,86.2966
ENCSR563YDA,ENCFF428RTI,K562,HDGF,7810,0.862484,86.2484
ENCSR000DZG,ENCFF244ZHS,GM12878,EP300,16510,0.862144,86.2144
ENCSR000DYP,ENCFF324LIJ,GM12878,ZNF384,10652,0.861528,86.1528
ENCSR439OCL,ENCFF776NRP,K562,ZNF407,2863,0.861334,86.13340000000001
ENCSR000BHC,ENCFF362VQO,GM12878,ZBTB33,2687,0.860067,86.00670000000001
ENCSR798IJO,ENCFF863TTH,HepG2,3xFLAG-NR2F6,35145,0.858842,85.88419999999999
ENCSR211LTF,ENCFF237YNN,K562,EGR1,26188,0.858218,85.82180000000001
ENCSR000BPI,ENCFF214TVS,HepG2,POLR2AphosphoS5,28625,0.857362,85.7362
ENCSR617RSQ,ENCFF429NNH,PC-3,EZH2phosphoT487,3129,0.856504,85.6504
ENCSR482TWQ,ENCFF835YGE,GM12878,RAD51,14121,0.856455,85.6455
ENCSR175SZH,ENCFF148GRM,K562,ZSCAN29,12239,0.856361,85.6361
ENCSR000BIZ,ENCFF795JAX,Ishikawa,ESR1,2581,0.855482,85.5482
ENCSR219BXP,ENCFF181NNL,K562,DPF2,14812,0.85478,85.478
ENCSR720HUL,ENCFF784XVN,K562,E2F1,19500,0.854718,85.4718
ENCSR322CFO,ENCFF319TPR,K562,ZEB2,17110,0.853711,85.3711
ENCSR000BKR,ENCFF824ANA,K562,POLR2AphosphoS5,25272,0.853079,85.3079
ENCSR201GGK,ENCFF928SXE,HepG2,3xFLAG-NFIL3,37265,0.852355,85.2355
ENCSR778QLY,ENCFF471EGU,HEK293T,ELF4,4856,0.852348,85.23479999999999
ENCSR115BBC,ENCFF151TIK,K562,ASH1L,4475,0.852067,85.2067
ENCSR249BHQ,ENCFF277ZUZ,K562,ZNF592,29704,0.852006,85.20060000000001
ENCSR075HTM,ENCFF672AGD,K562,HDAC2,23238,0.851924,85.1924
ENCSR330EXS,ENCFF627GPM,GM12878,RBBP5,1827,0.851669,85.1669
ENCSR006WUS,ENCFF920HMY,MCF-7,NEUROD1,4207,0.851438,85.1438
ENCSR000DMO,ENCFF962IZR,MCF-7,CTCF,59865,0.850981,85.0981
ENCSR662EOU,ENCFF554QVX,HepG2,3xFLAG-NR2F1,11023,0.850767,85.0767
ENCSR000BJM,ENCFF442SGT,HepG2,POLR2A,27047,0.850667,85.0667
ENCSR736BUG,ENCFF668CLC,liver,EGR1,17525,0.850271,85.0271
ENCSR759BDG,ENCFF253LJN,HepG2,3xFLAG-BCL6,40103,0.849612,84.9612
ENCSR011NOZ,ENCFF467REJ,K562,ZNF407,3255,0.848233,84.8233
ENCSR764CZW,ENCFF204RPR,GM12878,ZNF217,14135,0.847966,84.7966
ENCSR928API,ENCFF409DRF,HepG2,RFX1,4333,0.847911,84.7911
ENCSR000BGI,ENCFF310XNW,GM12878,USF1,7080,0.847599,84.7599
ENCSR092OVN,ENCFF608OHW,HepG2,3xFLAG-FOXA3,46651,0.847506,84.75059999999999
ENCSR004GKA,ENCFF892BNB,K562,ZEB2,21708,0.846508,84.6508
ENCSR710WLO,ENCFF557SFL,K562,MGA,32721,0.844931,84.4931
ENCSR325RLL,ENCFF779AZS,K562,POLR2B,18505,0.843286,84.3286
ENCSR782WRO,ENCFF753LFL,K562,BMI1,2149,0.842718,84.2718
ENCSR000BRI,ENCFF017CJU,GM12878,RUNX3,64289,0.841824,84.1824
ENCSR954WVZ,ENCFF237XLE,MCF-7,ESRRA,8371,0.840999,84.0999
ENCSR000EGE,ENCFF433PKW,K562,EP300,23343,0.840937,84.0937
ENCSR701AQS,ENCFF856LBK,MCF-7,ZNF592,5178,0.840479,84.0479
ENCSR000BJR,ENCFF567LEJ,A549,NR3C1,7383,0.839767,83.97670000000001
ENCSR000BHF,ENCFF009APP,A549,NR3C1,24479,0.839005,83.9005
ENCSR711XNY,ENCFF788VTS,GM12878,PKNOX1,27259,0.838879,83.8879
ENCSR444LIN,ENCFF852MHW,HepG2,TCF7,14600,0.838425,83.8425
ENCSR486IFJ,ENCFF038PPG,K562,ESRRA,22542,0.838124,83.8124
ENCSR338MMB,ENCFF606DWB,liver,NR2F2,27316,0.837751,83.77510000000001
ENCSR000BNJ,ENCFF765IVS,HepG2,HNF4G,18633,0.836795,83.67949999999999
ENCSR000BIA,ENCFF543ITW,GM12892,POLR2AphosphoS5,25947,0.836551,83.6551
ENCSR014YCR,ENCFF667FTY,GM12878,ATF7,38252,0.836401,83.64009999999999
ENCSR000BQL,ENCFF450EDU,GM12878,NFATC1,13983,0.836301,83.6301
ENCSR429QPP,ENCFF805OCR,K562,FOXM1,13360,0.835629,83.5629
ENCSR889GGV,ENCFF336GTB,bipolar neuron,POLR2AphosphoS5,46972,0.83537,83.53699999999999
ENCSR788RSW,ENCFF251SPU,K562,SOX6,27683,0.834844,83.48440000000001
ENCSR362NWP,ENCFF218UXO,HepG2,ZNF24,5789,0.834168,83.4168
ENCSR000BIL,ENCFF633LKQ,GM12891,POLR2AphosphoS5,23768,0.833432,83.3432
ENCSR382MOM,ENCFF631ZVW,liver,YY1,47433,0.83288,83.288
ENCSR087NSR,ENCFF914VTC,HepG2,3xFLAG-KDM1A,12898,0.832145,83.2145
ENCSR369YUK,ENCFF277LHR,HepG2,3xFLAG-FOXP1,24556,0.831446,83.1446
ENCSR000BRD,ENCFF791VHV,A549,FOXA1,27176,0.829813,82.9813
ENCSR487CPI,ENCFF132YJB,HepG2,3xFLAG-ZFP64,10211,0.829008,82.9008
ENCSR000ECD,ENCFF883VXZ,H1-hESC,USF2,7999,0.828604,82.8604
ENCSR587OQL,ENCFF333IXA,K562,SMARCA4,29904,0.828217,82.82169999999999
ENCSR000BSK,ENCFF627FTK,SK-N-SH,JUND,35575,0.827941,82.7941
ENCSR715UCI,ENCFF235PWV,HepG2,3xFLAG-SOX13,41616,0.827422,82.7422
ENCSR000BNM,ENCFF270QLC,K562,TAF7,408,0.82598,82.598
ENCSR000BJC,ENCFF648ULE,Ishikawa,NR3C1,9830,0.825432,82.5432
ENCSR867WPH,ENCFF247UJX,liver,REST,33176,0.824271,82.4271
ENCSR000EFO,ENCFF317FDT,K562,CUX1,5876,0.823009,82.3009
ENCSR171FUX,ENCFF997KQI,HepG2,FOXK2,7652,0.822138,82.2138
ENCSR742IDN,ENCFF477IDC,K562,NR2C1,11763,0.821729,82.1729
ENCSR739IHN,ENCFF980GMH,GM12878,TBX21,30882,0.821482,82.1482
ENCSR518WPL,ENCFF441LKT,HepG2,NR2F6,29106,0.821377,82.1377
ENCSR000BIC,ENCFF417QTQ,H1-hESC,POLR2AphosphoS5,25958,0.821327,82.1327
ENCSR168SMX,ENCFF643EJZ,liver,NR2F2,38507,0.821149,82.1149
ENCSR552XSN,ENCFF394FTH,GM12878,MLLT1,43418,0.821065,82.10650000000001
ENCSR521IID,ENCFF457PHY,liver,MAX,29953,0.820919,82.0919
ENCSR000BGD,ENCFF794VYB,GM12878,POLR2A,43580,0.82033,82.033
ENCSR000ARI,ENCFF054DHS,HepG2,EZH2,6044,0.820152,82.0152
ENCSR376FMN,ENCFF133GIM,HepG2,EHMT2,6867,0.819863,81.9863
ENCSR205FOW,ENCFF655AOY,liver,ATF3,17056,0.819829,81.9829
ENCSR419ODQ,ENCFF236IMY,MCF-7,ZNF507,2303,0.8198,81.98
ENCSR503VTG,ENCFF908YUA,MCF-7,ZNF24,9499,0.818402,81.8402
ENCSR501DKS,ENCFF555ECR,GM12878,TCF7,8268,0.817973,81.79729999999999
ENCSR715CCR,ENCFF315QEI,K562,DPF2,40379,0.816216,81.6216
ENCSR791AGT,ENCFF721RTR,HepG2,ZNF24,3564,0.815937,81.5937
ENCSR000EGO,ENCFF436JKE,K562,RFX5,2310,0.814719,81.47189999999999
ENCSR000BMF,ENCFF698NYD,SK-N-SH,USF1,20628,0.814572,81.4572
ENCSR000BLL,ENCFF723ESM,T47D,ESR1,1455,0.814433,81.4433
ENCSR976TBC,ENCFF207EGF,GM12878,IRF5,1687,0.810907,81.0907
ENCSR893WSB,ENCFF286DHJ,K562,HDAC2,24134,0.810806,81.0806
ENCSR000BMT,ENCFF722JFZ,H1-hESC,NANOG,5560,0.810432,81.0432
ENCSR293QAR,ENCFF006OFJ,GM12878,MTA2,38291,0.809276,80.9276
ENCSR516HUP,ENCFF517PUF,liver,ZBTB33,19284,0.808753,80.87530000000001
ENCSR000EVW,ENCFF756UDU,endothelial cell of umbilical vein,GATA2,23110,0.808611,80.8611
ENCSR837GTK,ENCFF172IAS,liver,JUND,34028,0.808599,80.8599
ENCSR000BLF,ENCFF468OUJ,HepG2,HNF4A,23109,0.806396,80.6396
ENCSR386YIH,ENCFF842FFW,liver,SP1,55647,0.805776,80.5776
ENCSR000EHG,ENCFF602YIK,K562,USF2,3432,0.805653,80.5653
ENCSR431XGJ,ENCFF091EWT,K562,PYGO2,1992,0.805221,80.5221
ENCSR107GRP,ENCFF037UMP,K562,MLLT1,20073,0.805111,80.5111
ENCSR633EIC,ENCFF270VUX,K562,3xFLAG-PBX2,3898,0.805028,80.5028
ENCSR000BIQ,ENCFF510ZPK,H1-hESC,SIX5,3015,0.804643,80.4643
ENCSR051OUX,ENCFF129NQC,K562,NFATC3,9997,0.804441,80.44409999999999
ENCSR798ILC,ENCFF032MJB,K562,NCOR1,24277,0.8043,80.43
ENCSR000BOT,ENCFF271PYC,HepG2,REST,12066,0.803746,80.3746
ENCSR000BRK,ENCFF779ZST,K562,TEAD4,30527,0.802961,80.29610000000001
ENCSR803EKW,ENCFF989AVX,K562,NCOA2,2437,0.802216,80.22160000000001
ENCSR000BQI,ENCFF017OFK,HepG2,CEBPB,16989,0.801931,80.1931
ENCSR497VFH,ENCFF947YGS,K562,ZNF639,4347,0.801472,80.1472
ENCSR000DOQ,ENCFF103IPZ,MCF 10A,STAT3,43306,0.801113,80.1113
ENCSR563FBT,ENCFF209WAQ,A549,USF2,9841,0.800325,80.0325
ENCSR502GAX,ENCFF260DMD,HepG2,3xFLAG-ZNF652,11709,0.799727,79.9727
ENCSR000BOZ,ENCFF256ECY,SK-N-SH,REST,13317,0.798829,79.8829
ENCSR948VFL,ENCFF589RYN,K562,IKZF1,42435,0.798633,79.86330000000001
ENCSR000EXP,ENCFF115XBG,erythroblast,GATA1,29204,0.798144,79.81439999999999
ENCSR735KEY,ENCFF741PQE,liver,FOXA1,15162,0.798048,79.8048
ENCSR760UKJ,ENCFF484AVP,HEK293T,ARNT,4276,0.797942,79.7942
ENCSR924TVL,ENCFF112WBJ,MCF-7,RFX5,9362,0.797586,79.7586
ENCSR162IEM,ENCFF061UNO,K562,MYBL2,3421,0.797428,79.7428
ENCSR786OQY,ENCFF498TJW,K562,ZBTB5,2984,0.797252,79.7252
ENCSR000EUZ,ENCFF294RHB,HEK293,TRIM28,10544,0.796851,79.68509999999999
ENCSR000BRR,ENCFF916OUG,K562,STAT5A,9624,0.796654,79.66539999999999
ENCSR000ECF,ENCFF131CHB,H1-hESC,RFX5,1489,0.795836,79.5836
ENCSR000BVO,ENCFF081YPW,T47D,JUND,7062,0.795525,79.55250000000001
ENCSR330OEO,ENCFF221BCO,GM12878,HDAC2,1497,0.794923,79.4923
ENCSR893QWP,ENCFF516VNN,liver,REST,16215,0.793525,79.3525
ENCSR066TET,ENCFF618FOL,MCF-7,RFX1,23224,0.791853,79.1853
ENCSR000DNM,ENCFF746RQR,GM12878,NFYB,7923,0.791746,79.1746
ENCSR426URK,ENCFF646AZP,K562,AFF1,14106,0.789735,78.9735
ENCSR986XYK,ENCFF795JGA,MCF-7,PKNOX1,23292,0.78894,78.89399999999999
ENCSR639IIZ,ENCFF957NPF,HepG2,3xFLAG-CEBPG,41751,0.787837,78.7837
ENCSR000EWN,ENCFF607PKH,K562,ZNF263,3894,0.787365,78.73649999999999
ENCSR000BIV,ENCFF814WQX,H1-hESC,SRF,4695,0.787007,78.7007
ENCSR101FJU,ENCFF295AZL,HepG2,ZNF384,14737,0.784149,78.4149
ENCSR024CNP,ENCFF522KCK,K562,EGR1,33003,0.783595,78.3595
ENCSR910JAI,ENCFF577EBU,K562,NCOR1,24146,0.782034,78.2034
ENCSR573OJP,ENCFF154YAG,MCF-7,NCOA3,4743,0.781995,78.1995
ENCSR000DPB,ENCFF718EJX,MCF 10A,STAT3,45991,0.781936,78.1936
ENCSR480LIS,ENCFF919URJ,liver,ATF3,24056,0.78018,78.018
ENCSR000EGD,ENCFF416UYQ,K562,BACH1,4397,0.776893,77.68929999999999
ENCSR000BRQ,ENCFF712GEQ,K562,CEBPB,15515,0.776474,77.6474
ENCSR395HWC,ENCFF214VWR,K562,IKZF1,48522,0.775648,77.5648
ENCSR000BQR,ENCFF975LFF,Ishikawa,ESR1,4054,0.77479,77.479
ENCSR970NKQ,ENCFF067JKB,K562,NR2F1,33326,0.77477,77.47699999999999
ENCSR924GXX,ENCFF111EXG,K562,PHB2,4624,0.772708,77.2708
ENCSR000BNI,ENCFF010NID,HepG2,FOXA2,16736,0.771212,77.1212
ENCSR659LJJ,ENCFF402JCS,A549,HDAC2,3341,0.770428,77.0428
ENCSR000EVD,ENCFF883YBP,HEK293,ZNF263,42584,0.769726,76.9726
ENCSR000DZQ,ENCFF188AYL,GM12878,EBF1,32981,0.768351,76.8351
ENCSR352QSB,ENCFF420GLO,liver,RXRA,48684,0.767747,76.7747
ENCSR707QWA,ENCFF951LYB,K562,NR2F6,16595,0.766375,76.6375
ENCSR385AHH,ENCFF941XDH,K562,ZNF24,12434,0.764195,76.4195
ENCSR757IIU,ENCFF912CZG,K562,HMBOX1,24314,0.764128,76.4128
ENCSR197WGI,ENCFF806CWX,IMR-90,NFE2L2,13345,0.763432,76.3432
ENCSR189YYK,ENCFF823ISD,GM12878,ZBTB40,11311,0.762532,76.25319999999999
ENCSR000EFP,ENCFF567XKS,K562,ZNF384,19121,0.762356,76.2356
ENCSR000BGQ,ENCFF198SPL,GM12878,SPI1,30624,0.76169,76.169
ENCSR337NWW,ENCFF499RWL,HepG2,HDAC2,3442,0.760604,76.0604
ENCSR801GJU,ENCFF027PQP,HepG2,CBX2,2382,0.760285,76.0285
ENCSR120MPG,ENCFF041AYU,K562,PRDM10,26788,0.759407,75.9407
ENCSR000BRT,ENCFF275XNU,K562,CBX3,18717,0.759203,75.9203
ENCSR979FQP,ENCFF476CLD,MCF-7,GATAD2B,5876,0.757658,75.7658
ENCSR113LAS,ENCFF299JOC,K562,MTA2,13653,0.757343,75.7343
ENCSR000BJD,ENCFF928YOZ,GM12878,RXRA,1500,0.757333,75.7333
ENCSR898XMH,ENCFF804BSI,K562,ZFP91,12280,0.755863,75.5863
ENCSR000EUL,ENCFF892GAT,GM12878,NR2C2,732,0.752732,75.2732
ENCSR189TRZ,ENCFF883AYB,K562,TCF12,10784,0.752411,75.2411
ENCSR000BRW,ENCFF528EDV,K562,TRIM28,7762,0.752255,75.2255
ENCSR000BGM,ENCFF895AOF,HepG2,USF1,19376,0.751342,75.13419999999999
ENCSR000BMO,ENCFF648VIL,HepG2,FOXA1,39643,0.751104,75.1104
ENCSR871TKJ,ENCFF302XKF,K562,THRAP3,2524,0.750396,75.0396
ENCSR000DOT,ENCFF981ZOK,MCF 10A,FOS,72344,0.75018,75.018
ENCSR822CCM,ENCFF771TNK,K562,ARID1B,47433,0.749984,74.9984
ENCSR426MDV,ENCFF710ZFM,K562,MIER1,6965,0.749462,74.94619999999999
ENCSR297GII,ENCFF185IMR,liver,HNF4G,21295,0.74811,74.811
ENCSR237VLT,ENCFF571NDF,K562,ZBTB40,27676,0.746531,74.6531
ENCSR000BJO,ENCFF388BTU,Panc1,REST,5965,0.746186,74.6186
ENCSR000EWI,ENCFF910AUJ,K562,SETDB1,3275,0.745038,74.5038
ENCSR041XML,ENCFF654JXR,GM12878,SRF,15926,0.744443,74.4443
ENCSR000BKT,ENCFF409EYL,K562,USF1,14182,0.744394,74.4394
ENCSR009TKN,ENCFF595VLA,SK-N-SH,RCOR1,25864,0.744355,74.4355
ENCSR072PWP,ENCFF989JWG,GM12878,ZNF24,11113,0.742914,74.2914
ENCSR000EFT,ENCFF875JHB,K562,GATA1,10936,0.742868,74.2868
ENCSR000BGT,ENCFF142FZS,GM12878,BATF,30089,0.740836,74.0836
ENCSR621ATC,ENCFF046NMM,K562,ZNF184,10112,0.738924,73.89240000000001
ENCSR115SMW,ENCFF804ARW,K562,PKNOX1,41823,0.738565,73.8565
ENCSR310NYI,ENCFF168JTA,liver,FOXA2,22750,0.738154,73.8154
ENCSR000EGF,ENCFF027TJN,K562,POLR2AphosphoS2,6897,0.735102,73.5102
ENCSR157CAU,ENCFF988ZSS,HepG2,ZKSCAN1,5801,0.732805,73.2805
ENCSR897MMC,ENCFF935SBO,GM12878,JUNB,31866,0.731814,73.1814
ENCSR798EGJ,ENCFF857EDP,A549,RNF2,2948,0.731343,73.1343
ENCSR524BUE,ENCFF691HAG,K562,RAD51,11534,0.730016,73.0016
ENCSR569XNP,ENCFF890YVJ,MCF-7,FOS,49349,0.729964,72.9964
ENCSR061DGF,ENCFF897LBK,GM23338,NANOG,8269,0.727778,72.7778
ENCSR882ERE,ENCFF329HLY,K562,ZKSCAN1,11622,0.727327,72.7327
ENCSR000BMW,ENCFF809CZV,K562,REST,10007,0.727191,72.7191
ENCSR017CEO,ENCFF869EBE,MCF-7,CUX1,9359,0.726787,72.67869999999999
ENCSR324RCI,ENCFF823LVL,liver,FOXA1,13952,0.726061,72.6061
ENCSR000DON,ENCFF059ELL,MCF 10A,FOS,75897,0.724653,72.4653
ENCSR907MZR,ENCFF263NDI,K562,TRIM24,24063,0.724639,72.46390000000001
ENCSR098XMN,ENCFF968WAS,liver,RXRA,61211,0.723073,72.3073
ENCSR851BNE,ENCFF023KAG,K562,MEIS2,42036,0.72288,72.288
ENCSR950NAZ,ENCFF856FOP,HepG2,LCORL,6518,0.722614,72.2614
ENCSR000BKY,ENCFF593ZQY,T47D,FOXA1,39311,0.722597,72.25970000000001
ENCSR000DOO,ENCFF379OVN,MCF 10A,FOS,95700,0.721714,72.17139999999999
ENCSR000BOX,ENCFF259FAH,PFSK-1,REST,15960,0.719862,71.9862
ENCSR142IGM,ENCFF061FMV,HepG2,3xFLAG-CEBPA,52760,0.719826,71.98259999999999
ENCSR000BIY,ENCFF935PCI,Ishikawa,ESR1,16994,0.717253,71.7253
ENCSR000BJS,ENCFF645LGE,T47D,ESR1,6215,0.71601,71.601
ENCSR423RTK,ENCFF909LIE,MCF-7,GATA3,47445,0.715291,71.5291
ENCSR000DOP,ENCFF050IYE,MCF 10A,FOS,100421,0.714472,71.4472
ENCSR237TFX,ENCFF627NBS,HEK293T,CTBP1,5670,0.713933,71.39330000000001
ENCSR000FCC,ENCFF145JGI,K562,NFE2,27444,0.712323,71.23230000000001
ENCSR839SFJ,ENCFF244SJK,bipolar neuron,SMARCA4,40906,0.710091,71.0091
ENCSR121PFY,ENCFF575VHZ,K562,CDC5L,3801,0.70955,70.955
ENCSR000BIJ,ENCFF833PVL,GM12891,SPI1,50231,0.708606,70.86059999999999
ENCSR041AXL,ENCFF951EDR,K562,RFX1,17117,0.707309,70.73089999999999
ENCSR175EOM,ENCFF045KTH,K562,EHMT2,12734,0.707083,70.70830000000001
ENCSR000BMX,ENCFF818HAL,T47D,GATA3,37554,0.706955,70.6955
ENCSR966YYJ,ENCFF896WDG,MCF-7,BMI1,7838,0.705537,70.55369999999999
ENCSR000BNQ,ENCFF372AVL,GM12878,BCL3,12373,0.705407,70.5407
ENCSR000EDX,ENCFF646WOC,HepG2,POLR2AphosphoS2,6350,0.704409,70.4409
ENCSR000BLE,ENCFF704DSK,HepG2,FOXA1,48286,0.704283,70.4283
ENCSR080XEY,ENCFF940TMU,liver,FOXA2,16673,0.703473,70.3473
ENCSR389PWB,ENCFF007LEG,K562,ZBTB5,2252,0.703375,70.33749999999999
ENCSR957LDM,ENCFF857AXB,K562,TRIM24,13851,0.702404,70.24040000000001
ENCSR000BPX,ENCFF204MVK,A549,FOXA1,7041,0.699901,69.9901
ENCSR000EGQ,ENCFF897LDW,K562,NFYB,8473,0.698926,69.8926
ENCSR000BTW,ENCFF996MRE,neural cell,POLR2AphosphoS5,47923,0.697431,69.7431
ENCSR065XVO,ENCFF077WVW,K562,CHAMP1,10332,0.693283,69.3283
ENCSR000BQD,ENCFF138KWB,T47D,ESR1,2885,0.688042,68.80420000000001
ENCSR895HSJ,ENCFF438DWU,K562,SMARCA5,10433,0.687626,68.76259999999999
ENCSR848YWD,ENCFF490ZAJ,HepG2,ZMYM3,8077,0.686393,68.6393
ENCSR028UIU,ENCFF011BHF,K562,ATF3,42385,0.683213,68.3213
ENCSR695EQB,ENCFF535ZFM,K562,ZNF24,22330,0.682356,68.23559999999999
ENCSR231YFE,ENCFF863GMR,MCF-7,ZBTB33,5747,0.681921,68.1921
ENCSR000DMJ,ENCFF551FXB,MCF-7,MYC,9310,0.68174,68.174
ENCSR744WOO,ENCFF619AEN,K562,TCF12,22231,0.680986,68.0986
ENCSR445QRF,ENCFF639EJK,liver,HNF4A,67812,0.680956,68.0956
ENCSR892DRK,ENCFF458FNC,A549,REST,8850,0.679322,67.9322
ENCSR542FLV,ENCFF843GOD,GM12878,ZBTB33,3788,0.677666,67.7666
ENCSR796ITY,ENCFF132TXF,K562,NFIC,46849,0.676706,67.67060000000001
ENCSR427BBI,ENCFF878CYO,MCF-7,MLLT1,2444,0.675123,67.5123
ENCSR000ECK,ENCFF314ZCZ,HeLa-S3,MAFK,11772,0.674822,67.4822
ENCSR571BUF,ENCFF104IIJ,K562,ARHGAP35,2380,0.67437,67.437
ENCSR000BJP,ENCFF633NFW,PFSK-1,REST,6104,0.673984,67.39840000000001
ENCSR000EHB,ENCFF563DQA,K562,TAL1,27099,0.673678,67.3678
ENCSR702BYX,ENCFF979WIC,MCF-7,NFIB,19036,0.671149,67.1149
ENCSR106FRG,ENCFF412EVD,K562,TAL1,22358,0.669738,66.97380000000001
ENCSR099NCH,ENCFF394AJV,K562,ZNF24,23906,0.667657,66.7657
ENCSR197DJH,ENCFF616IRT,MCF-7,SREBF1,7188,0.667223,66.7223
ENCSR699PVC,ENCFF317SWK,K562,CBFA2T2,29906,0.666288,66.6288
ENCSR030TJP,ENCFF326QUT,K562,DACH1,16119,0.66493,66.493
ENCSR349TZO,ENCFF097AKG,K562,NCOA2,2950,0.657966,65.79660000000001
ENCSR277BXW,ENCFF160SNW,MCF-7,ZBTB7B,5601,0.655954,65.5954
ENCSR968GIB,ENCFF667ANE,K562,RFX1,15459,0.65457,65.457
ENCSR372GIN,ENCFF533MFQ,GM12878,CBX5,9054,0.653855,65.3855
ENCSR267DFA,ENCFF594RPH,HepG2,FOXA1,6227,0.650554,65.05539999999999
ENCSR788XNX,ENCFF506SNO,MCF-7,RFX1,14390,0.650382,65.0382
ENCSR000EYB,ENCFF553BNV,SH-SY5Y,GATA2,28301,0.647009,64.70089999999999
ENCSR000BIU,ENCFF770USX,H1-hESC,USF1,29809,0.642021,64.2021
ENCSR327RFM,ENCFF429HYI,HepG2,3xFLAG-PAF1,3595,0.635049,63.5049
ENCSR697YLJ,ENCFF845OPG,K562,CBFA2T3,48804,0.634641,63.4641
ENCSR620DUQ,ENCFF462DNS,MCF-7,CREB1,32777,0.628856,62.8856
ENCSR000BQS,ENCFF854AIH,GM12878,REST,4158,0.622655,62.265499999999996
ENCSR029LBT,ENCFF579HZW,HepG2,FOXP1,6723,0.6213,62.129999999999995
ENCSR085DDI,ENCFF408CMK,K562,NFXL1,3546,0.620417,62.0417
ENCSR882ICT,ENCFF523SBI,HEK293T,ZNF384,14199,0.619058,61.9058
ENCSR000EFM,ENCFF469LVB,IMR-90,CEBPB,75139,0.618108,61.8108
ENCSR000BUW,ENCFF506PIV,HL-60,SPI1,40805,0.615219,61.521899999999995
ENCSR318LVG,ENCFF849TPX,MCF-7,ZBTB40,13630,0.603155,60.3155
ENCSR000EEI,ENCFF396EWL,HepG2,JUND,35863,0.601456,60.1456
ENCSR761LRR,ENCFF850NDA,MCF-7,ZNF512B,3968,0.600302,60.0302
ENCSR843ZUP,ENCFF747GDL,neural cell,EP300,46538,0.595578,59.55780000000001
ENCSR000BPK,ENCFF963WFF,Panc1,REST,1266,0.593997,59.3997
ENCSR488EES,ENCFF525YEM,HepG2,NFE2L2,8320,0.591466,59.14660000000001
ENCSR000EGX,ENCFF216COR,K562,MAFK,20943,0.58855,58.855000000000004
ENCSR233FAG,ENCFF128CQA,HEK293T,PKNOX1,38540,0.587935,58.7935
ENCSR000DYI,ENCFF855UMP,A549,CEBPB,43935,0.586844,58.684400000000004
ENCSR066EBK,ENCFF704DME,HepG2,FOXA2,53368,0.585782,58.5782
ENCSR553QMC,ENCFF948VRJ,HepG2,3xFLAG-ZNF7,6238,0.585284,58.528400000000005
ENCSR315NNL,ENCFF146FGH,K562,CHAMP1,4097,0.581157,58.115700000000004
ENCSR897JAS,ENCFF356LKG,MCF-7,CREB1,34915,0.580438,58.043800000000005
ENCSR000EEE,ENCFF207MUN,HepG2,CEBPB,35232,0.577827,57.7827
ENCSR000EHE,ENCFF196UZE,K562,CEBPB,43673,0.572642,57.264199999999995
ENCSR272JAT,ENCFF525FJA,K562,CBX5,6545,0.572193,57.2193
ENCSR126YEB,ENCFF728TJB,MCF-7,FOXA1,33004,0.571506,57.1506
ENCSR546IHU,ENCFF352VEC,K562,ZNF184,5360,0.563993,56.3993
ENCSR000EVX,ENCFF390BXU,K562,ZNF274,1500,0.558,55.800000000000004
ENCSR000BGF,ENCFF434NOC,GM12878,REST,5304,0.557692,55.7692
ENCSR474CVP,ENCFF580SYA,K562,TRIM28,11139,0.556962,55.6962
ENCSR808AKZ,ENCFF538UZE,K562,BCOR,32790,0.554315,55.4315
ENCSR746XEG,ENCFF467MFZ,GM12878,NFXL1,3842,0.549974,54.9974
ENCSR841YWU,ENCFF385IIC,MCF-7,E4F1,2046,0.548387,54.838699999999996
ENCSR797SWM,ENCFF105CED,K562,MITF,27147,0.54669,54.669000000000004
ENCSR000EBS,ENCFF654TPM,H1-hESC,MAFK,8755,0.54426,54.425999999999995
ENCSR081WLS,ENCFF536UXA,HepG2,RAD51,4070,0.543735,54.3735
ENCSR000EXZ,ENCFF452QMO,SH-SY5Y,GATA3,18622,0.533079,53.3079
ENCSR350XWY,ENCFF825LBQ,K562,C11orf30,48305,0.526053,52.6053
ENCSR000ATW,ENCFF346SWX,K562,CBX8,2134,0.521087,52.1087
ENCSR145TSJ,ENCFF771LVW,K562,ATF4,36483,0.519557,51.95570000000001
ENCSR663WAR,ENCFF278QIG,H1-hESC,REST,5995,0.516097,51.609700000000004
ENCSR000BMN,ENCFF619KDE,HeLa-S3,REST,7426,0.51387,51.38700000000001
ENCSR140DSL,ENCFF641LIZ,HeLa-S3,MAFF,14415,0.513493,51.3493
ENCSR525YFS,ENCFF916LHV,HepG2,ZBTB40,5156,0.509891,50.9891
ENCSR000BHM,ENCFF690IGM,H1-hESC,REST,14669,0.509783,50.9783
ENCSR000BJL,ENCFF757KNN,HepG2,REST,4077,0.507481,50.748099999999994
ENCSR000DYV,ENCFF335NCG,GM12878,MAFK,4251,0.503176,50.3176
ENCSR449UFF,ENCFF293PUF,MCF-7,ZKSCAN1,3481,0.500144,50.0144
ENCSR000BJJ,ENCFF520MMO,SK-N-SH,REST,966,0.494824,49.4824
ENCSR112ALD,ENCFF228LSW,HepG2,CREB1,35666,0.486906,48.6906
ENCSR000EGI,ENCFF003UXM,K562,MAFF,22496,0.476974,47.6974
ENCSR000BTF,ENCFF655MJA,HL-60,REST,6456,0.476301,47.6301
ENCSR528PSI,ENCFF659XDV,HepG2,3xFLAG-HLF,65043,0.467429,46.7429
ENCSR866QPZ,ENCFF201SRD,MCF-7,ATF7,17929,0.465447,46.5447
ENCSR000EFH,ENCFF046FNS,IMR-90,MAFK,44103,0.465411,46.5411
ENCSR582ZOA,ENCFF743EQV,MCF-7,NFIB,16221,0.465261,46.5261
ENCSR820GND,ENCFF966CGZ,K562,RNF2,5120,0.454883,45.488299999999995
ENCSR869IUD,ENCFF207FUE,K562,ATF2,33005,0.440024,44.0024
ENCSR261EDU,ENCFF498PHD,HepG2,MNT,29252,0.4345,43.45
ENCSR555PBN,ENCFF821RYS,MCF-7,MAFK,9665,0.430626,43.0626
ENCSR686SOV,ENCFF543JCS,MCF-7,NCOA3,2212,0.429024,42.9024
ENCSR109ODF,ENCFF184JNY,MCF-7,HES1,3136,0.411033,41.1033
ENCSR702GMW,ENCFF629FBV,PC-9,EZH2phosphoT487,3557,0.407928,40.7928
ENCSR541WQI,ENCFF470INQ,A549,MAFK,55998,0.402282,40.228199999999994
ENCSR876GXA,ENCFF909FRB,K562,ZBTB33,48313,0.392669,39.2669
ENCSR597VGC,ENCFF979BQI,GM12878,ETV6,2907,0.392501,39.250099999999996
ENCSR167KBO,ENCFF195JOB,K562,ZNF316,62317,0.383892,38.3892
ENCSR000ATC,ENCFF248NPI,HeLa-S3,EZH2,2963,0.37327,37.327
ENCSR000EEC,ENCFF273IOC,HepG2,MAFF,41248,0.367703,36.7703
ENCSR102KIN,ENCFF429TTF,K562,ZMYM3,34405,0.362854,36.2854
ENCSR200JYP,ENCFF647FMI,K562,ZNF316,13115,0.34045,34.044999999999995
ENCSR545FXC,ENCFF793VQT,HepG2,ATF7,29847,0.327671,32.7671
ENCSR961PPA,ENCFF409WNF,GM12878,ATF2,13817,0.294782,29.478199999999998
ENCSR000EEB,ENCFF632THJ,HepG2,MAFK,69197,0.28744,28.743999999999996
ENCSR000EVY,ENCFF821JKR,K562,TRIM28,4883,0.287323,28.7323
ENCSR370NFS,ENCFF705FAV,K562,ZNF280A,4502,0.274989,27.4989
ENCSR047BUZ,ENCFF737KKO,HepG2,ATF2,40248,0.250969,25.096899999999998
ENCSR000EWY,ENCFF414OZX,NT2/D1,ZNF274,1249,0.241793,24.1793
ENCSR000EUN,ENCFF239NXT,H1-hESC,ZNF274,1003,0.240279,24.0279
ENCSR000EUI,ENCFF897HDW,GM08714,ZNF274,918,0.205882,20.5882
