iter,H3K27ac-human,H3K27me3-human,H3K36me3-human,H3K4me1-human,H3K4me3-human,H3K9ac-human,H3K9me3-human
1,264606,63655,394032,434569,197519,76668,115500
2,267451,63824,393850,438232,198512,77158,116336
3,264908,64208,394167,435346,198945,76559,115891
4,265830,63690,393131,436705,198730,77266,115264
5,265290,63136,393925,433381,198426,76314,116190
6,265146,63194,393562,435119,198531,76825,116112
7,266042,63433,396763,436262,197889,76604,116090
8,265943,63423,393141,434976,198336,76901,114597
9,265461,62614,393187,434282,198717,77011,116714
10,266854,63876,392939,436415,199020,77855,114517
11,265359,63472,391763,437101,198588,76457,115947
12,266388,63307,393405,438472,198205,76628,114612
13,266788,63561,395810,437140,199694,77407,116363
14,265271,64115,390364,434363,198767,76908,116315
15,263866,62649,396595,432773,197541,76282,116162
16,264128,63738,392757,434713,196956,76350,114478
17,263892,63132,396108,434157,196516,75833,116653
18,263852,63331,395002,434604,198449,76337,115158
19,267373,63306,393988,435667,199539,76861,115725
20,266028,63550,395577,436353,197769,76372,115398
21,265895,63662,393585,435528,198963,77070,116003
22,263620,63393,396049,433858,198239,76521,116787
23,265005,64271,395357,436199,199124,76687,114567
24,265064,63895,392337,436478,198549,76848,116346
25,266516,63286,394517,435978,198741,77381,114749
26,266144,63379,394290,435151,199705,76863,115172
27,265172,63653,392655,434041,199040,76593,118546
28,265856,63472,395452,435754,198568,77456,116025
29,266879,63592,392497,436669,199068,77257,115254
30,265490,63281,395212,436973,198284,76830,114982
31,266523,63517,395334,436420,198681,76827,115894
32,264333,63305,395403,433876,197480,75987,116440
33,265806,63523,395723,435681,197481,77014,115435
34,264981,63953,391677,435378,197219,77129,114703
35,264865,63344,395310,434818,197449,76155,115555
36,264291,63803,393216,433643,198487,76169,116961
37,268013,63354,394529,436247,199664,77416,115617
38,266364,63458,394895,435565,199682,76971,115484
39,266843,63662,397014,435295,198565,76614,116062
40,264348,63673,392982,434033,197399,76392,115945
41,264699,63607,395595,433748,199500,76970,117392
42,266286,63325,395500,435688,197054,76836,115372
43,266809,62946,392382,435516,199862,77084,115401
44,266636,63666,395352,435927,198449,77055,114717
45,265199,63322,393825,433934,198294,76334,116100
46,264961,62782,393693,434799,197298,76568,114861
47,265623,63317,394144,435412,197399,76559,116108
48,264586,63332,397122,434299,197941,76511,116443
49,264395,63115,393219,434144,199119,76513,115531
50,265992,63921,397104,435327,199672,76809,115488
51,264913,63217,393506,435750,197363,76312,115381
52,265804,63801,392424,435601,198813,76789,116096
53,266367,64025,393801,436109,199412,77142,116034
54,264928,63227,395802,432353,197447,76004,116132
55,266409,63373,395166,439013,199536,77632,114248
56,264933,63424,394853,434978,197479,76272,115227
57,265289,62670,396453,435808,197949,76600,115896
58,265844,63462,394909,435912,200272,77211,117584
59,266165,63729,392308,434322,197034,76416,114644
60,265368,63898,392758,436102,199056,77202,116300
61,265367,63426,392788,436220,199186,77247,115633
62,265139,64129,392657,435141,198632,76443,115968
63,266446,63343,394898,436519,198238,76497,114894
64,266166,62471,394156,436741,197850,76628,116115
65,264794,63404,394288,435491,198286,76545,115452
66,264301,63676,392884,433595,197055,75948,115287
67,265766,64109,395692,435873,198979,77177,115572
68,265261,63286,395714,435176,198015,76246,116467
69,265286,63605,393104,435732,198085,77179,115308
70,265882,63158,396096,435149,198372,76654,114774
71,264973,63837,392180,437053,199123,76719,116771
72,265831,63801,391680,437194,199367,76691,115783
73,265797,63505,395130,434707,198078,77130,115730
74,264286,64124,394258,434628,197691,76485,115734
75,267282,63179,396925,436724,199814,77625,115784
76,267008,63052,393639,436852,198126,76851,115215
77,263809,63527,392084,433992,196950,75966,115560
78,266258,63743,394760,435431,198443,77104,114442
79,264278,63781,393394,433077,197904,76592,116108
80,264955,63240,391742,434708,199491,77189,116034
81,266014,64365,395977,435733,197969,76885,114870
82,264081,63647,393933,433662,197809,76982,115195
83,265262,63901,392104,434389,197462,76274,116315
84,263508,63849,391552,433433,196775,76013,115303
85,264494,63610,390437,434149,196763,76381,116048
86,264957,63667,392262,436097,197525,76628,114655
87,264659,63523,390657,434609,197350,76238,115522
88,266848,63110,394134,437285,199202,77239,114758
89,266388,64039,393949,437491,198727,76660,115752
90,264056,63643,393397,432622,197114,76189,116570
91,265623,63636,392251,436148,197777,76552,115210
92,265753,63528,393898,436191,198254,76377,116263
93,265479,63303,396895,433810,197912,76895,115231
94,265675,63560,394237,435557,199367,77162,115225
95,265870,63557,393847,436744,199418,77369,115654
96,264879,63307,393899,434145,198098,76638,116163
97,266025,63354,394197,434930,198427,76585,116420
98,264730,63497,393364,435517,198127,76328,115669
99,265892,63401,392564,437479,198629,76992,115030
100,264564,63805,392816,434588,198061,76707,116259
101,266782,63982,393206,437095,199087,76861,116001
102,264872,62902,396030,435695,196859,76128,116404
103,266578,64392,392156,436243,198366,76905,116474
104,264717,63449,394448,435810,196566,75851,115804
105,265450,63807,396346,434610,197194,76607,115227
106,267074,63296,393400,439116,199368,77083,116709
107,265911,63348,390722,437210,198426,76930,115131
108,264078,63709,393759,434269,197962,76328,115635
109,266205,63552,393879,436257,199803,76949,116931
110,265483,63850,393442,436617,198028,76658,115213
111,265862,63456,393811,436500,199571,76888,117085
112,266499,63239,395749,436745,199043,76923,115076
113,266173,64002,397076,436622,199866,76808,116217
114,266032,63256,394557,434080,198878,76982,116635
115,266265,63498,394317,436899,198669,76807,116151
116,265871,63051,392086,434519,199018,76612,116590
117,265450,63226,392170,436541,197770,76721,115718
118,265777,63479,393920,437494,198207,76388,115781
119,263864,63820,394231,432589,196938,76270,116222
120,265919,63625,392249,435888,198494,76966,116713
121,264713,63710,394427,433646,197192,76374,115404
122,267108,63648,393595,437211,198353,76664,116467
123,265462,63488,395294,435737,198336,76428,116637
124,265534,63363,394628,434790,198975,77330,115627
125,263431,63518,393837,436205,197845,76234,115164
126,265205,63567,391929,434839,198394,76743,115961
127,265027,63417,394325,437215,198372,76428,115053
128,264897,63311,394739,435215,198416,76609,117329
129,265783,63575,391920,436041,196763,76473,114826
130,265750,63623,393326,435635,197743,77178,114559
131,264647,63874,393334,435102,197803,75771,116112
132,265410,63218,393250,435942,198741,76452,115923
133,265837,63368,392270,435077,199241,76959,117300
134,265749,63186,394259,434940,199155,76612,116320
135,265406,63302,393290,435487,198863,76523,115656
136,266023,64066,393669,436361,198026,76678,114493
137,264957,63073,396071,433336,197248,76523,115993
138,266661,63371,394408,437703,199565,77149,114589
139,266618,63781,394151,436881,199297,77198,115990
140,265596,63915,394180,436608,198021,76305,115941
141,266761,63232,391933,437149,199976,77166,116277
142,265636,63048,394343,434542,198153,76211,116440
143,265220,63844,394752,433509,199981,76665,117949
144,264130,63513,393789,434442,197111,76656,114134
145,265856,63510,395416,435038,200208,77146,116547
146,266798,63271,395395,435692,198545,76977,116017
147,264517,63761,392418,436057,196924,76221,115436
148,266140,63572,393292,437540,197416,76985,115887
149,264358,63798,391940,434054,198461,76833,116225
150,265171,64075,393669,434949,198367,76832,115950
151,264201,63115,394497,433632,197328,76356,115985
152,266802,63421,394774,434258,199169,76734,116103
153,266383,63883,392070,436971,198263,77022,115372
154,265373,63720,394424,435626,198139,76894,116123
155,264091,62823,393421,433342,196366,75789,114659
156,266542,63777,394468,437431,198583,76747,115787
157,264901,63060,393654,434624,198041,76463,115416
158,265561,63347,393102,434541,198429,77041,116059
159,265745,63655,392451,434778,197913,76599,115715
160,267104,63895,393415,437277,199261,77297,115679
161,264486,64302,395764,436428,197345,76582,115071
162,264973,63588,392878,436717,199272,76939,115772
163,266651,63785,397211,436984,198714,76961,115543
164,265033,63264,393335,434956,198432,76576,116231
165,264337,62497,395195,431953,197755,76355,116148
166,266327,63568,396126,436822,198952,76614,116196
167,266497,63973,392231,437874,199463,77248,117122
168,265287,63659,391562,435292,198070,76608,116068
169,264286,63068,394740,434669,198807,76478,116172
170,266625,63792,395272,435968,198074,76737,115537
171,267543,63294,394490,438579,198863,76760,115697
172,265454,63115,392494,434810,199336,77015,116092
173,265899,63557,392465,435617,198566,76638,116131
174,266375,63372,395868,436540,197759,76815,115323
175,265251,64011,394754,435303,198774,76634,116945
176,266704,63400,392874,435661,198669,76692,116264
177,265537,63273,392715,436152,198436,76886,115710
178,265104,63442,392532,434692,197622,76145,116276
179,265184,64272,392464,434787,198448,76165,115544
180,264509,63658,391608,433385,196596,75554,116473
181,264060,63256,392889,432739,197381,76310,115785
182,266596,63412,393192,436550,198303,76953,114333
183,264583,63146,395892,435386,197738,76290,116426
184,266166,63531,395238,436722,197254,76293,116798
185,264559,63841,393250,435883,198370,76680,115108
186,267486,63347,391863,437592,199390,77510,115029
187,264843,64108,394234,435278,199347,76798,116724
188,263989,63534,394817,434467,197989,76907,115117
189,264143,62758,393692,434470,197344,76314,115325
190,265599,62952,394927,434189,198848,77369,115232
191,266649,63600,392797,436513,199141,76831,115724
192,266503,63122,393825,436358,199835,77518,116443
193,265778,63557,393775,435188,198915,77230,116255
194,264823,63512,397809,434620,198681,76693,115789
195,267743,63078,392800,437101,198822,76428,116272
196,266086,62675,393268,434770,197735,76805,116282
197,265408,63906,395461,436372,198823,76475,116595
198,265529,63941,394344,434486,199335,76453,116297
199,266592,63539,392359,435083,200001,77458,116793
200,264806,63554,393482,434649,197986,76208,115731
201,264362,63588,393480,434885,197313,76445,115185
202,266454,63723,395248,437915,199043,77383,116205
203,264931,63882,392565,435681,197502,76462,115190
204,266057,63476,394210,435226,201206,77672,117108
205,265283,63878,394332,435015,198728,76735,115541
206,264877,63630,392863,435713,198716,76863,115121
207,265675,63630,394612,435757,198514,76349,115236
208,265172,63201,396119,434511,198108,76812,115521
209,265485,63356,394542,436282,198839,77098,115789
210,266030,64102,394018,435046,198657,77381,115402
211,266724,63249,393392,436671,196430,76425,115621
212,265066,63333,393394,434751,199051,76993,116165
213,265758,63039,393405,435122,199485,77399,115329
214,265203,63804,393606,435064,199227,76773,116669
215,266527,63839,392707,436798,198448,76869,115526
216,265458,63773,394032,433878,197969,76376,115670
217,265956,63374,392324,436097,198489,76594,117376
218,265441,63245,394355,436588,198872,76520,115113
219,265164,63862,392532,435119,196589,76243,115467
220,265341,63535,395610,433817,198091,76656,116011
221,264298,63316,393721,434107,197168,76362,115900
222,264828,63805,393802,435795,198366,76808,115297
223,265204,63241,393486,435405,198504,76679,115706
224,265942,63400,393701,437214,197521,76471,114852
225,264225,63939,392861,433493,197515,76583,115576
226,266173,63959,393742,435674,199239,77187,115367
227,267524,63036,395812,436298,199551,77049,115613
228,265789,63858,393943,436193,198621,76322,114834
229,266355,63796,393612,436302,198964,77037,115334
230,265204,64176,394017,436656,198671,76337,115728
231,264178,63178,392768,434650,197125,76641,116669
232,266574,63417,392004,436355,200096,77436,116052
233,265890,63731,393360,437985,198005,77063,115026
234,264722,62881,395394,434994,197069,76101,115957
235,265995,63561,394036,435306,197729,76776,115229
236,263381,64415,395843,435135,198144,76599,115978
237,265259,63647,394074,436001,198437,76667,117315
238,265056,63767,393895,434675,198101,76510,115616
239,264985,63596,394389,433825,197276,76302,114881
240,265914,63547,393690,436379,199565,76935,114894
241,265045,63295,395055,433861,199053,76821,116562
242,265145,63842,393680,435459,198305,77247,115072
243,265124,63395,394208,436807,198008,76625,115657
244,266445,63332,394603,436504,198421,76795,116160
245,265780,64267,395968,437729,198402,76498,115715
246,265748,63900,394122,434703,197994,76721,114650
247,263286,64310,393620,434548,197118,75799,116586
248,265519,63680,393572,435123,198104,76694,115837
249,265712,63813,392963,435229,198943,76994,115970
250,265894,63884,391794,434867,199633,76782,115232
251,266556,64183,392888,437094,198208,76445,116275
252,266633,63589,393352,435177,199864,77248,116624
253,263807,64075,394388,432891,197673,76051,116935
254,266145,63330,392829,436085,198545,76323,115136
255,265965,63527,394553,434024,198634,76918,115308
256,264701,63810,393338,434935,198018,76665,115488
257,265455,63376,392527,433835,198180,76847,116460
258,266314,63835,391215,436479,198170,76942,115186
259,266917,62915,393827,435332,199232,77206,114874
260,265331,63217,390853,434601,197298,76642,115571
261,264588,63317,393029,434105,196929,76293,114855
262,265884,63637,394795,434708,197962,76730,115278
263,265034,63406,393279,435110,197183,76333,115549
264,265872,63649,393145,435893,199510,76962,116698
265,267079,63303,394992,436024,199649,77259,115029
266,265221,63523,395790,434847,198105,76775,115606
267,264168,63324,392899,433556,197720,76111,117413
268,266103,63382,394430,434411,198602,76633,116140
269,264441,63750,394345,434719,197858,76112,116908
270,264555,64222,396247,434967,199887,76776,117589
271,265891,63955,393341,436534,198642,76926,114748
272,266847,63843,393760,437021,199814,77146,115531
273,265413,63871,394669,436788,199281,76949,114774
274,265432,63360,393114,435568,198558,76377,116662
275,264485,63817,393225,434952,198350,76677,115380
276,265431,63352,395438,434508,198937,76784,116505
277,264731,63624,396599,434241,197566,76366,115345
278,265777,63367,391988,437030,199456,76831,115878
279,265801,63060,391400,434064,197923,76430,114899
280,265856,64412,392044,437356,198232,76418,115321
281,266354,62846,394603,436929,197659,76594,115073
282,265954,63612,393291,436191,199340,76402,117055
283,266878,63409,394687,438594,198803,76943,115927
284,267323,63818,390512,438794,198701,76884,115487
285,264652,63469,394437,434558,198213,76472,115640
286,264472,63683,395983,434474,198665,76323,116033
287,266954,63279,395132,437543,198168,76614,115008
288,265750,63209,392955,434969,198732,76624,115047
289,263871,63475,393649,433976,197912,76243,116705
290,266968,63474,393950,438091,198996,77092,115561
291,265575,63574,392895,435859,198734,77346,115500
292,265623,63029,392684,435442,198528,76423,116430
293,266588,63643,393938,434412,198302,76946,114957
294,266431,63480,393745,435599,198780,76636,115481
295,265977,63828,392642,435681,198340,76511,115728
296,265764,64200,392878,436467,198661,76471,115837
297,264921,63783,393792,435145,198399,76546,115943
298,266017,64203,394486,436721,198919,76733,115594
299,265060,62754,393751,435574,197625,76444,116481
300,266379,63983,392072,435999,199137,76676,116174
301,263358,63552,394706,433473,197555,76084,115261
302,266862,63310,393630,436004,198784,77054,115440
303,265445,63638,394581,434690,200024,77133,116177
304,263326,63455,391895,432943,196559,75995,115614
305,265806,63504,393779,436377,198513,76809,116694
306,266432,63572,393137,435421,200522,77117,116309
307,265945,63970,392199,438146,199777,77035,115105
308,264960,63672,393426,435064,197496,76587,115347
309,266403,63323,392742,437285,198463,76941,114509
310,264962,63487,394228,434167,199483,77451,114645
311,265102,63596,396053,433947,198308,76895,114990
312,265564,63333,393607,435283,199996,77343,116117
313,267678,63619,393276,436111,199908,77051,117427
314,267256,63032,395037,436990,199922,77087,116242
315,265417,63626,394134,434623,197935,76750,115543
316,266110,63517,394057,437247,199435,77237,115257
317,263844,63771,393457,434698,197746,76635,115238
318,266987,63160,393940,436271,199270,77306,116395
319,266300,63626,393152,436295,200130,77234,116552
320,264320,63389,392768,435304,198307,77104,115706
321,267005,63322,392665,435467,198643,76866,115606
322,265453,63083,392988,433395,197421,76578,114837
323,262892,63546,389909,431999,196579,75549,115307
324,265327,63405,394621,434433,198080,76192,116620
325,266710,63749,390989,436169,200565,77963,116296
326,266477,63534,393651,434834,197181,76582,115382
327,266433,63549,393219,436387,198854,76588,115118
328,266379,63932,393115,434955,198709,76801,114509
329,265497,62889,394965,434622,197948,76994,114782
330,265097,63301,394979,435301,197755,76692,115753
331,266364,63757,393090,437515,198589,76699,115912
332,266502,63429,393791,434493,199143,76615,117340
333,265385,63074,393514,434736,198687,76499,115829
334,265625,63824,393339,437189,198493,76394,116578
335,266613,63765,391737,436115,198479,76978,115787
336,266312,63363,390958,437755,198133,76441,114962
337,265229,63051,391600,435711,198711,76608,115792
338,266680,63481,393502,437306,198712,77381,114812
339,265263,62837,395923,436119,197933,76392,116134
340,265237,63345,392746,433437,198612,77077,115504
341,264119,63400,393107,432991,198143,76271,116005
342,265712,62722,393954,434330,198688,76234,116763
343,267241,63318,390975,436149,198457,77010,115624
344,265642,62584,395066,433948,200334,77509,115432
345,265750,62926,394165,435756,198493,77063,115485
346,265236,63792,394517,433921,197572,76631,115552
347,264337,62910,393930,432811,198004,76594,116369
348,265092,63305,392674,434401,197711,76525,114970
349,264474,62440,393054,434390,198070,76592,115127
350,264273,63380,394693,434558,196758,75984,115117
351,265582,63926,393665,434988,197231,76293,115871
352,266362,63140,394100,436126,198559,76822,116142
353,264715,63831,395192,433998,197250,76462,115658
354,265186,63162,393171,434410,199006,76898,116181
355,265689,63257,394842,435088,198710,76547,115683
356,265422,63117,394308,435309,198981,76877,115997
357,264124,63821,393928,433756,198356,76796,115498
358,265685,63265,393831,435477,197757,76650,115147
359,266604,63503,393833,436248,199720,77193,115546
360,266817,63326,393149,436492,200258,77449,114845
361,265678,63385,392379,433956,197598,75734,115600
362,266485,63042,396412,436175,198911,77112,115330
363,266360,63704,392155,436513,198203,76679,115702
364,267052,63540,392701,437575,199564,77542,116699
365,264640,63882,394887,434906,198484,76739,115194
366,264750,63687,394126,435193,198435,76946,115540
367,266282,63470,393998,436566,200239,77136,114951
368,265131,63289,395104,436588,198184,77022,114557
369,266306,63478,394948,434770,199506,77352,116335
370,265033,62918,394347,434574,198733,76488,115887
371,265533,63210,396222,435252,197760,76615,115909
372,267725,63389,395209,436285,199603,77160,117224
373,265510,63547,393570,435451,198863,76638,116544
374,264360,63517,394523,434268,197097,75989,116418
375,266433,63865,392606,435564,199004,76650,116431
376,266644,63518,393330,435936,199431,76907,116235
377,265159,63178,395517,435721,197943,76890,115382
378,264856,63770,393149,433668,197467,76303,115077
379,264389,63962,394208,435392,198188,76854,114517
380,266369,63114,391491,435524,199523,76980,115646
381,266704,63374,394386,436866,197120,76414,115079
382,266906,63902,393816,436466,199946,77649,115502
383,265264,63332,395827,435720,199001,76731,116371
384,263732,63478,394869,434512,197117,75738,115404
385,266646,63592,396701,436124,199540,77624,115629
386,267711,64340,391681,437863,199745,77310,115695
387,264805,63693,394868,432335,197419,76169,116606
388,265625,63403,395686,434243,197673,76785,116113
389,264931,63912,392539,434444,197864,76455,115009
390,266344,63484,394579,435656,199100,77147,116189
391,267123,63241,392426,436574,198364,76974,114444
392,264960,63341,394055,434643,198790,76646,115287
393,266624,63413,393217,435314,200365,77747,116038
394,264770,63482,392140,433925,197228,76097,115596
395,265590,63439,396552,435152,199242,76775,116206
396,265621,63564,395550,433305,198470,76808,117290
397,263074,63620,394332,434222,197216,75856,115898
398,266328,63424,393621,435155,198022,76646,115380
399,264984,63343,392915,436324,197439,76267,115616
400,265067,63828,392105,434006,197619,76116,116297
401,266028,63951,393471,438962,198682,77052,115865
402,265850,63933,394036,435295,197460,76334,116670
403,264984,63611,394462,434136,199826,77282,115957
404,264903,63591,393517,435063,198117,76191,116112
405,266367,62844,395053,434869,197799,76511,115254
406,264235,63792,393887,435103,198369,76310,115135
407,265697,63727,395854,436644,198020,76872,116071
408,265158,63854,392957,436000,199078,77419,115923
409,264195,62978,393254,434684,197578,75823,116971
410,265021,63778,394031,434140,197013,76478,115136
411,266630,63473,393412,435495,198612,76570,116459
412,264383,63064,393064,433906,198413,76563,116745
413,264139,63053,394183,432594,197596,76165,115903
414,265858,63193,393033,435941,197862,76586,115699
415,265396,63109,393687,434812,198443,77085,116603
416,266116,63855,392171,435003,198347,76723,116041
417,265116,63522,395602,436676,198044,76676,115906
418,267082,63280,394403,436032,198156,77276,116651
419,265833,63535,394457,435601,198052,77151,116646
420,266433,63159,394705,437233,198640,77171,114561
421,266194,63518,392796,436379,199163,76965,114827
422,265800,63779,392093,436141,199980,77420,115880
423,264255,63628,394806,434082,197213,75882,117022
424,266380,63286,392855,436161,199697,77116,116515
425,264824,63793,395848,434978,197690,75974,116228
426,265018,63585,394783,434523,198459,76414,114937
427,265370,63512,394597,434268,195619,76309,114532
428,266187,63226,394386,436331,197614,76725,115268
429,266592,63748,392274,434127,199343,77019,115506
430,265425,63590,392521,435874,198665,77089,115836
431,265306,63536,392319,434709,198431,76704,115037
432,264835,64190,395283,436627,198261,76647,116369
433,266822,63796,396656,436414,198848,77201,115970
434,265407,63957,391587,435235,197772,76685,115396
435,266323,63719,390735,436509,198924,76969,115497
436,266752,63104,393621,437550,198753,77218,115548
437,266039,63378,392637,436465,199543,77146,114963
438,264507,63203,391544,434839,198385,76553,114558
439,266454,63584,396271,435425,199962,77380,115040
440,265290,63985,394555,436515,198783,77160,116129
441,265719,63689,391992,435937,197888,76503,116410
442,267348,63582,392936,436941,200498,77639,115589
443,265463,62824,394838,434885,199963,76991,116533
444,265601,63601,394122,436055,198228,76665,115432
445,264909,63031,392358,434507,199258,76447,116248
446,265835,63649,394031,436773,198877,76755,116431
447,265242,63832,391831,434344,198780,76395,115277
448,264808,64265,392157,434220,198742,76412,115952
449,263950,63350,393128,436219,197753,76700,115138
450,265477,63681,394644,435327,197738,76705,115884
451,267856,63480,392778,436310,199913,77493,115298
452,265291,63167,394444,436020,197514,76444,115503
453,268281,63330,396313,437901,201032,77945,116019
454,264257,63472,392089,433832,197003,75945,115818
455,264855,63710,396563,435091,199418,76998,117381
456,265467,63181,394201,435760,199642,77097,116100
457,266570,63570,392114,435569,197927,76725,115252
458,265130,63253,396252,432484,197812,76970,115786
459,264294,63625,394797,434035,197745,76394,115861
460,267047,63645,391987,436883,198460,76800,114954
461,265285,63605,394381,435051,198805,76867,115917
462,265317,63277,393429,437430,197777,76200,116083
463,265742,63377,392575,435256,199088,76673,115956
464,266941,63572,394250,436220,200449,77210,116571
465,265074,63648,393476,434146,197587,76579,113805
466,265231,64100,392864,433396,198108,76334,115564
467,266481,63670,396488,436022,199399,76993,116369
468,265656,63211,394500,436727,196607,76307,115508
469,264694,63437,394628,435262,199757,76934,115890
470,264686,63357,396945,433499,196199,75983,115990
471,265578,63958,394376,434372,199573,76483,116511
472,266090,63589,392464,436218,197408,76766,115210
473,264750,63268,394263,432406,197097,76384,116167
474,267321,63219,392697,439228,198538,77037,114705
475,264951,63207,395849,434741,197972,76404,115175
476,265527,63318,392793,434219,198820,76648,115878
477,266045,63822,393276,434773,197469,76504,115856
478,265902,62907,394081,439390,198493,77140,115107
479,266076,63959,392859,434620,199127,76929,115783
480,264992,62886,395726,435529,198020,76311,115923
481,266007,63518,393608,435500,199234,76873,115481
482,264665,63632,394398,435063,198753,76576,115242
483,264934,62951,393851,434692,196858,75998,114864
484,264748,63568,393019,435532,198577,76789,115601
485,266493,63359,393761,435273,197982,76456,116284
486,267661,63747,393163,437863,200873,77618,115960
487,265575,63560,393240,433489,197699,76596,115978
488,264570,64075,393602,434221,198303,76983,114573
489,267095,63570,394894,437065,199838,77339,115927
490,265008,63105,397230,434198,197759,76223,115600
491,265370,63692,395206,434924,198632,76620,115690
492,265259,64006,392589,436501,198143,76636,115275
493,264579,63524,395720,436024,198639,76975,115432
494,261201,63700,392801,432457,195159,75229,115904
495,263619,63740,394372,435326,197459,76698,116323
496,264896,62906,393961,433661,197295,76279,115211
497,266291,63137,394141,435792,198709,76736,115627
498,264938,63685,393779,435134,197113,76593,115870
499,265370,63564,394784,434243,197937,76709,115079
500,265832,63607,394959,437449,198357,77270,115942
501,264777,63748,392821,436005,198297,76506,115349
502,265864,63886,395408,435579,198454,76413,114989
503,264682,62783,392979,434552,198312,76522,114655
504,267330,63984,392125,436051,199475,77514,114771
505,264332,63814,394553,434360,196733,76177,115817
506,264062,63683,396289,433344,198234,76591,115396
507,265303,63117,394950,434303,197911,76927,116041
508,267085,63494,391653,435526,199482,77336,114765
509,266077,63320,393874,435967,198182,76645,116037
510,266435,63506,393839,434859,198904,77092,115827
511,265436,63908,394218,436859,198055,76891,115518
512,263952,63104,394006,434300,196084,75958,115612
513,265660,63686,392428,432741,199639,77283,115599
514,266536,63186,394294,436845,198938,76505,115651
515,264649,63280,395867,435449,198933,76799,115100
516,265293,63330,391787,434399,198356,76665,116081
517,265085,64134,390123,436765,197318,76689,115825
518,264457,63515,392385,434805,197846,76205,116091
519,265371,64030,396168,434423,198780,76507,115610
520,265695,63166,394304,434948,198485,76672,115926
521,263719,63821,394200,435437,196745,76305,114855
522,264936,63871,392358,436254,199180,76733,116130
523,265248,63851,394218,435837,199216,76740,115996
524,263426,63293,393673,433173,199120,76757,115031
525,265559,63376,391354,436333,198453,76913,115217
526,266430,63747,393702,436326,200426,77515,116234
527,265774,63966,392617,436287,198821,76932,115745
528,265352,62857,392539,433437,197642,76538,114737
529,265581,63482,395332,436140,198688,76869,116756
530,264648,63522,392241,434400,197370,76773,116390
531,265902,63721,393759,435708,198660,76840,115743
532,265597,64018,392161,434470,198541,76417,114791
533,265189,62887,394934,436071,198922,76692,116127
534,264678,63476,393528,433530,198476,76114,116084
535,266240,63710,394529,436816,199755,77406,115990
536,265482,63385,391984,434792,196821,76370,115462
537,265156,63694,391732,435884,197210,76505,114934
538,265109,62953,394086,435412,197075,76130,115824
539,267195,63953,394143,436170,199571,77051,117135
540,265514,63412,392833,435494,197548,76657,115002
541,265320,63918,394616,434204,199174,76663,116366
542,266075,63748,389784,435112,199606,77574,116095
543,265264,63484,394476,435646,198792,76972,115848
544,266111,64318,395107,436282,199578,76850,116402
545,265883,62668,392353,436323,199804,77288,115700
546,265517,63266,392381,436740,198323,76949,116170
547,266315,63416,394000,437006,198929,77037,116042
548,267161,63524,393092,437885,200412,77420,115314
549,265487,63925,395564,437065,198980,77323,115659
550,266706,63873,392805,437613,198782,77062,115624
551,266377,63677,394752,437108,199492,76866,116249
552,266109,63068,394691,436774,198976,77159,115418
553,265502,63220,392162,435208,197356,76839,115410
554,264951,63094,394444,434066,198314,76710,115659
555,266128,63103,392183,436217,198577,76897,116378
556,264577,63614,393015,434323,198694,76836,115319
557,265353,63757,394615,435394,199466,77244,115889
558,266908,63672,393095,436975,197914,76953,115199
559,265736,63504,391833,435266,199297,76690,116674
560,264225,63098,393724,434358,196754,75990,115985
561,265501,63410,392476,434007,197599,76346,116176
562,266225,63335,393685,437747,199999,76904,115023
563,267334,64097,394661,437732,199892,77448,116582
564,263333,63788,397142,433104,196604,75436,115460
565,265235,63465,395417,433079,197205,76693,114699
566,266246,63255,394959,435696,200077,77228,115813
567,265461,63240,395532,434361,199530,77124,114891
568,263983,63763,393028,433610,197015,75896,115193
569,265186,63888,393447,435218,196603,76252,115628
570,265568,63701,394836,434938,199036,77293,116615
571,265458,63798,391515,435174,199223,77507,115270
572,263836,63344,395464,433603,197938,75966,116158
573,266083,63407,392588,437426,198707,77188,116251
574,265333,63447,393445,436447,199211,76770,115132
575,265374,62910,391776,433410,199282,76848,116555
576,266401,63348,393674,436585,199375,76807,117055
577,267020,63513,395085,435943,200434,77409,117406
578,264837,63756,395033,433781,197951,76422,115277
579,265621,63796,394041,436168,198481,76914,116653
580,266074,63515,393565,436014,197332,76311,114645
581,266945,63623,395439,436061,200172,77256,116095
582,265412,63028,393810,436081,197843,76412,115014
583,266722,63145,394420,435528,198120,76749,116573
584,264349,63461,394377,433936,197327,76012,115433
585,265547,63540,395065,435898,197948,76952,115862
586,267376,63203,395245,436235,197996,76524,115762
587,264885,63269,394387,434537,197083,76464,115025
588,264685,63748,392415,433941,199143,77117,115361
589,265314,63226,395253,436007,198117,77154,116076
590,266556,63044,393887,436459,199583,76995,116316
591,264630,63708,392469,435333,198609,75894,116499
592,264862,63831,393375,434464,197803,76096,116171
593,265830,62805,391969,436248,197754,76907,114057
594,264183,63555,395548,432955,197926,76331,115063
595,267127,63095,393541,436537,198860,77183,115528
596,265564,63245,393869,435697,199559,77024,117324
597,265446,63120,391640,436137,197651,76552,115322
598,265497,63424,392344,435165,198073,76403,115442
599,265883,63177,393576,434836,197910,76537,115047
600,265380,63240,393020,436614,197346,76675,116191
601,265613,63617,393702,435636,197960,76663,115493
602,265161,63453,395029,434817,198858,76192,116467
603,265108,63527,393589,435116,197250,76646,115994
604,265484,63091,392842,433793,198029,76185,115182
605,263531,63356,394907,432336,196792,75721,116626
606,264744,63645,393268,434603,197940,76663,116159
607,266535,63384,393429,437874,199044,77090,115939
608,265385,63538,395036,435369,197348,76184,114877
609,267269,64092,396768,437224,198821,76537,115259
610,266016,63975,393816,437186,199920,76944,117534
611,265534,63826,392151,435698,198179,76581,115351
612,266010,63434,395625,434777,198934,76921,115260
613,264731,63581,393744,433393,197845,76784,115541
614,266331,63033,392237,434783,199951,77608,115712
615,265641,63509,397704,434627,199065,77321,116256
616,266119,63498,395584,435707,199502,77096,116288
617,268852,63687,393982,439573,200529,77645,114740
618,265818,63492,392499,434208,198337,76508,116021
619,266076,63390,396189,435115,199955,77363,116361
620,264775,63126,393953,435713,198501,76199,115164
621,265204,63515,392918,435826,197787,76770,115073
622,266130,63778,395623,434579,200177,77226,116640
623,266429,62754,393466,436914,200070,77557,115815
624,265581,63001,395924,436157,198256,76716,114753
625,265323,63780,392073,435455,197299,76754,115575
626,265059,63590,392841,435643,198268,76123,116343
627,267277,62515,393005,438941,199861,77318,116897
628,265535,63387,391315,435933,198661,76851,115688
629,266982,63764,395765,434989,199310,77373,116436
630,265536,64143,394491,435532,197867,77003,116077
631,263137,63208,393285,432652,197355,76102,115627
632,265634,63743,393609,434918,199101,76773,115559
633,264540,63246,392359,436658,197861,76405,115382
634,265596,63200,394223,436020,199383,76866,115956
635,265084,63494,395002,434864,197240,76082,115856
636,265160,63187,394177,435386,198507,76453,116514
637,262530,63922,395285,432668,197272,76047,116112
638,265500,63835,396628,434588,198378,76613,115778
639,266448,63091,394126,438102,199204,77163,115950
640,266633,63236,393177,435395,198849,77213,116500
641,265892,63307,393592,436124,200890,77511,116025
642,264234,63784,393113,434545,198398,76375,115294
643,266334,63553,395278,435142,199926,77032,115762
644,266688,63345,393494,437068,200034,77483,115532
645,265797,63422,394349,433932,197885,76767,114640
646,267171,63488,392823,436349,199710,76684,115977
647,265045,63814,393364,435733,198871,76993,115847
648,265575,63244,392003,436954,198025,76850,114618
649,266302,63599,392844,434706,199374,76858,115915
650,265457,63325,390550,435152,198542,76943,116845
651,265685,63559,394252,435304,197774,76565,115909
652,265242,63847,394383,435956,198621,76245,116222
653,265871,62896,394365,436120,198409,76893,114737
654,264476,64150,395121,434232,197359,76291,114815
655,265269,63806,391827,435292,198448,76581,116282
656,264114,63608,392636,433107,197598,76367,115551
657,264657,63111,396320,433642,197743,76788,115742
658,265913,62932,395481,434931,198485,77332,114726
659,266869,63933,392020,435772,199596,77157,115792
660,266936,63346,393891,436843,199458,77088,115420
661,265380,64131,393209,435136,197581,76506,115770
662,264102,63351,394478,432605,197421,75945,116706
663,267188,63496,393950,436104,199466,76755,116208
664,266942,63452,391690,436688,199163,77110,115295
665,265485,63246,391729,433492,198457,76837,114915
666,265434,63789,393428,433606,197973,76674,116202
667,266186,63734,394082,434468,199505,77190,114936
668,265081,63326,392001,434092,198490,76687,116790
669,265918,63606,394268,436803,198669,76432,116305
670,265258,64311,392596,433826,199086,76430,116227
671,265617,63582,395395,436570,199104,77274,115736
672,265703,63310,394939,434544,198992,76959,116081
673,266072,63054,392701,436329,199267,76900,115360
674,265807,63288,394034,437171,198113,77019,115366
675,266204,63914,396356,438280,199576,76884,116577
676,265356,63644,391136,434326,199419,76889,115484
677,264799,63468,396542,435544,198549,76536,115519
678,265895,63598,391895,436342,198345,77340,115051
679,267170,63107,395017,435826,199694,77451,115631
680,265974,63911,394058,433551,198799,76220,116379
681,265993,64088,392377,435135,199226,77196,116457
682,265723,63642,395879,436272,199157,77058,116784
683,265609,63845,394494,434826,198704,76928,115349
684,266040,63421,394172,436642,198349,76355,115622
685,266335,63003,394142,435163,198370,76799,115685
686,264171,63769,391860,435449,198722,76476,115954
687,265299,62751,390919,435651,197602,76833,116423
688,265700,63452,396224,435888,198460,76812,115584
689,265574,63575,394846,433710,199351,76774,116639
690,265826,63153,393603,434473,199383,76976,117330
691,265228,63899,393354,433151,197738,76558,115673
692,266609,63682,393497,436201,199317,77266,114800
693,266191,63058,394741,434248,198016,76681,113956
694,266216,63715,392225,435316,198735,76613,114769
695,264065,63676,395489,432948,196629,76117,115400
696,266121,63687,392391,435922,200042,77318,115801
697,265276,63860,392835,432904,197574,76757,114609
698,265165,62925,393718,434438,197668,76591,115457
699,266597,63903,394966,436381,199514,77187,115968
700,264970,63357,392672,435614,199380,76516,117094
701,264828,63163,393099,435028,198469,76859,115211
702,266867,63819,391977,435170,198994,77316,116167
703,264546,63592,393858,436008,198555,76462,115946
704,264435,63752,393700,434324,197338,76127,116083
705,263635,63406,395483,433090,198501,76509,115752
706,265766,63467,395688,436083,198546,76927,115459
707,265864,63343,394073,435726,198876,76880,115478
708,267313,63677,393425,438665,198678,76920,115147
709,263771,63653,392648,433340,196627,76175,116463
710,264635,64365,393423,434531,198083,76178,115763
711,265189,63108,393729,435614,198121,76333,114699
712,266847,63488,395516,437366,199834,77754,115586
713,264835,63514,395729,435017,198163,76632,115511
714,266167,63604,395786,435316,199430,76728,115949
715,266086,63764,392859,436108,198294,76745,114432
716,264670,63838,395887,435200,199235,76703,114953
717,265960,63824,394793,435571,198075,76976,115701
718,265189,63636,394841,433876,198513,76612,115823
719,266567,63238,394296,436794,199169,77064,115797
720,266484,63445,392587,436571,198808,76891,115727
721,266216,63531,393068,437331,198679,76929,114901
722,267588,63517,396798,439069,200123,77210,116618
723,266423,63248,391722,436559,198318,76760,115504
724,266381,62804,393448,434537,198371,77155,115745
725,265516,63978,393478,436264,199161,77070,116509
726,264788,62884,395363,435749,195989,76019,115467
727,265034,63263,394753,436528,199846,77512,115589
728,265725,63236,394787,435154,198954,76988,116338
729,266544,62977,393264,436257,198974,76574,117216
730,264727,63535,394219,434655,197434,76050,117477
731,266126,63424,393808,435085,199054,77044,115656
732,265191,63381,394953,434993,198219,76378,115554
733,265458,63806,394593,436577,198097,76317,115450
734,267862,63508,392678,439297,199657,77596,115719
735,266320,63699,394935,435787,198643,76947,115700
736,266698,62871,394542,436307,199523,77308,115537
737,266083,63994,394832,435873,199005,76886,116008
738,264741,63428,393640,434183,198481,77213,115831
739,266481,63355,395837,435916,198543,76422,116342
740,265787,63853,393141,435004,198879,76937,116058
741,266355,63392,393669,436392,197909,76938,117208
742,267624,63069,393425,436524,199929,77780,114491
743,265348,63401,393959,435562,198703,76628,116333
744,267214,63034,393522,435768,199893,77179,116411
745,266815,63085,395346,437481,199397,77359,116891
746,266921,63234,391320,435577,199473,77210,115977
747,265797,63709,393482,436809,198081,76546,115578
748,264333,63325,393836,433123,196994,76351,116278
749,265580,63385,393842,433710,198729,76442,116159
750,265658,63415,391403,437067,197420,75884,116807
751,266245,63654,393600,435415,199414,77175,116446
752,266486,63612,393303,436315,198775,76650,116465
753,265530,63636,393538,435037,197793,76658,115184
754,265693,63393,394968,437656,198780,76958,115440
755,265295,63057,394635,433513,197820,76379,113928
756,265188,63319,392861,434739,197594,76630,115611
757,265546,63686,394222,436268,197578,76779,114106
758,266127,63623,392438,434364,198663,77097,116032
759,265372,63817,393621,434869,199218,76993,115603
760,264552,63226,394276,436218,197140,76209,115975
761,265593,63855,393801,435071,197847,76479,115340
762,266727,63986,395524,435010,197980,76235,116005
763,265354,62586,394781,434032,199508,76809,114678
764,265682,63263,393914,436912,198318,76985,115845
765,266219,63673,395711,434444,199701,77027,114496
766,262936,63465,390723,433584,197176,75403,116810
767,264678,64091,394759,436854,198081,76411,116097
768,265294,63255,394418,435003,199509,77032,116254
769,267559,63862,391921,437484,199371,77627,115789
770,266054,63528,393905,437732,198123,76987,115100
771,263615,63458,395169,434665,197905,76045,116498
772,265617,63551,394731,436316,197769,76146,115592
773,265095,62610,394210,434337,197667,76587,116356
774,265117,63475,393850,435089,198383,76906,115493
775,266247,63638,393044,435868,198265,76985,116496
776,265236,63910,393204,435014,197764,76604,115325
777,265358,63615,394259,433540,198080,76685,115951
778,267112,63674,395485,436629,199289,77170,115260
779,266701,62949,393311,435526,198610,76558,115597
780,264691,63907,391771,435825,196658,76270,114367
781,265979,63502,395588,435520,198636,76860,115297
782,266510,63792,394647,437586,199019,77041,116425
783,265368,63538,391579,436266,199202,77131,115620
784,265987,63309,394036,436230,199231,77108,116237
785,265762,63973,393589,436521,198058,76685,115120
786,264854,63472,394840,434646,199191,76697,115400
787,266745,62830,391923,435151,200617,77567,116484
788,266940,63536,391511,436790,200164,77438,115679
789,265176,64024,395373,434653,199389,76744,115707
790,265498,63110,394048,434808,197227,76416,115829
791,266281,63513,394333,435609,198337,76802,117041
792,265223,63764,393406,434289,198410,76989,115032
793,265033,63528,392894,434739,198297,76499,115584
794,264638,63295,392707,434730,197747,76761,116063
795,264223,63835,394649,432832,197764,76226,115754
796,266187,63611,392285,435610,198481,77256,115405
797,266292,63146,392079,436620,197697,76441,115533
798,264750,63431,394622,435311,197564,76249,115484
799,265003,64067,396495,434771,197899,75909,116785
800,265779,63594,393955,436709,197603,76562,114958
801,266787,63436,392829,433647,200779,77396,116367
802,265708,63138,394936,435410,198095,76724,116751
803,265981,63441,392060,435419,197538,76888,114818
804,266513,63455,395025,435087,199738,76850,116492
805,265257,62825,392774,435635,197563,76392,116452
806,265655,63942,393037,434300,199031,76603,116558
807,263983,63399,394044,434463,198033,76906,116144
808,265250,63374,394522,436521,197330,76421,114837
809,264125,63690,391638,434331,198082,76093,115531
810,265633,63289,394072,435544,197679,76539,115511
811,266417,64210,394036,437099,197742,76875,115805
812,265953,63823,392954,435911,198723,76420,116143
813,265309,63146,391987,434052,198538,76894,115443
814,266722,62978,393811,434135,198750,77142,115113
815,264310,62940,394236,434227,197591,76280,114828
816,265923,63413,393610,436487,198103,76568,115737
817,265873,63499,393520,436189,198462,76973,115967
818,265694,62774,393533,436316,197957,76650,115292
819,264788,63557,394819,433975,198333,76342,116473
820,263773,63239,395130,433577,197167,76612,115949
821,264688,63032,394946,433826,198224,76565,116231
822,264912,63578,395225,434301,198657,76637,116568
823,267583,63598,393171,436165,199041,77187,115051
824,266299,63315,393123,436157,198213,76809,115727
825,267553,63887,393374,437495,199292,77573,116287
826,265669,63344,392284,436729,198474,76507,115169
827,263893,63583,390594,432525,198203,76670,116125
828,265145,63289,392743,435722,197596,76935,114869
829,266073,63307,394277,435096,197979,76316,115608
830,265027,62837,395772,433831,197303,76172,114626
831,265417,64016,395826,436622,198092,77011,115466
832,265815,63063,393350,435622,199036,77198,114874
833,265416,62935,391422,436050,198650,76971,115748
834,265089,63455,393968,432724,198059,76749,116243
835,264228,63634,391333,433698,197305,76087,115177
836,264780,63346,395647,434023,198392,76192,116285
837,265926,63356,393578,435031,199060,76962,116213
838,264210,63153,394138,434054,198400,76734,116471
839,263715,63371,394388,434219,196641,76023,115601
840,264393,63316,393509,434313,197938,76888,115361
841,264398,63164,395074,435817,199534,77092,116964
842,265194,63591,393839,434504,196942,76227,114969
843,266386,63601,393452,436694,199775,77478,115962
844,265149,63485,393182,434610,198372,76775,115599
845,266289,63234,394711,434451,198717,76816,116006
846,265339,63550,394690,435523,198414,76428,115845
847,266464,63213,393108,435667,197442,76996,116439
848,265037,63785,393074,435697,197899,76336,115289
849,265787,63368,393318,434695,198631,76826,115002
850,265013,63735,394873,435281,197822,76458,115859
851,264827,62518,390912,434239,198527,76880,116979
852,265904,63697,394270,434728,198327,76938,113630
853,265923,63615,393873,434540,197066,76184,115608
854,265621,63156,393787,435759,197292,75959,115202
855,266288,63958,394915,436273,197453,76485,114252
856,265527,63020,393879,436606,199447,76889,116356
857,265912,63673,394408,435791,197567,76683,115069
858,265974,63228,394504,436919,198748,77032,115475
859,266119,63481,394210,435801,198384,77022,114741
860,266154,63511,391876,436960,199284,76925,116831
861,266267,63845,393309,437153,198478,77341,115825
862,264870,63200,393993,435452,198993,76769,115363
863,265877,63881,393667,436505,198592,76783,115337
864,265555,64049,391279,436013,198482,77023,116090
865,266860,63371,393566,436497,198052,77146,114881
866,266425,63291,391029,437124,198711,77314,116118
867,265131,63255,392537,432457,197706,76462,114170
868,265149,63706,392824,435691,198741,76599,115776
869,265527,63539,395096,436346,198129,76879,116280
870,265807,63581,392169,435282,198742,77291,116073
871,265730,63007,392805,436815,199183,77091,114688
872,265911,63896,393334,435903,199209,77407,114634
873,265921,63302,394245,434113,198560,76945,115682
874,266486,62884,395027,436371,198638,76473,115897
875,265226,63248,393466,435907,199301,76267,116279
876,265218,63762,392659,433502,197567,76443,116660
877,266823,62866,397241,437144,198903,77064,115740
878,264170,63429,393136,433820,198125,76324,117182
879,265773,63461,394531,436168,198267,76730,115891
880,267233,63418,391882,437893,200823,77348,115629
881,265985,63562,393853,435148,198588,76849,116023
882,267110,64200,393523,436385,199610,77153,116953
883,266563,63946,395004,434787,199522,77464,116386
884,266656,63071,391452,437809,199482,77418,116015
885,267639,64436,394902,436346,199496,77251,116827
886,266401,63920,393002,435737,198656,77455,116025
887,266294,63619,395159,436419,199491,76918,116470
888,267071,63158,394375,436043,199934,77700,115482
889,266476,63221,393240,435606,198314,76870,115388
890,265221,63709,397598,435781,198700,77007,116624
891,265956,63779,394645,436584,199395,77186,116411
892,266318,63163,391884,436674,198324,76497,116144
893,264892,63290,393455,435120,198698,76786,115644
894,266345,63540,392722,435980,197902,76784,115323
895,265333,63243,396364,435449,198555,76217,115955
896,264600,63438,393973,434170,196457,76130,115060
897,264626,63953,394218,434030,196674,76199,115457
898,265051,63378,391867,434819,198592,76878,117027
899,265324,63181,394374,434661,197884,76739,114999
900,264412,63805,395299,435211,197950,76786,116153
901,265533,64223,393363,435657,198360,76623,116492
902,264698,63757,394223,436381,198565,76802,116016
903,266663,63917,394498,436605,199312,77218,116736
904,266006,63310,393732,434805,198994,76934,116179
905,263054,63432,392565,433563,198138,76758,115180
906,266053,63747,393704,436285,198515,76953,116429
907,263954,63522,391575,433376,197280,76297,114928
908,266535,63412,396312,437518,198907,77418,115868
909,265510,63775,394010,434465,198405,77116,115222
910,266059,63698,392436,437623,197898,76431,114882
911,265472,63451,393620,433666,198330,76688,116030
912,264876,63421,393992,437414,197897,75841,115978
913,265665,63535,395464,434026,198651,76673,115330
914,266478,63429,393669,435059,198642,77283,116143
915,265271,63621,392989,433233,198393,76437,115664
916,264960,63962,394141,434927,198535,76749,115004
917,266159,63397,392624,435990,198596,76621,115654
918,265692,62886,397315,433162,198929,76637,115993
919,265589,63587,392820,435821,198487,76614,114585
920,265309,64147,395893,434566,198156,76782,115612
921,265853,63475,395011,437730,199912,76955,117812
922,267302,63512,395628,437296,201192,77499,115740
923,264270,63320,395145,433500,198021,76725,116085
924,266846,63633,393849,435495,198759,77235,114291
925,265757,63224,394272,436208,199411,77108,115512
926,266156,63360,393032,437129,198129,76805,114819
927,265206,63684,391193,433273,198174,76735,115946
928,264467,64291,390721,436187,198100,76502,116347
929,266438,63298,394624,435996,198531,77095,115673
930,264475,63250,394187,435339,198514,76448,116542
931,265365,63618,394326,437334,198126,76105,116714
932,265211,64267,392930,435505,198348,76709,114776
933,265660,63765,394836,436791,198975,76810,116003
934,265780,63204,392848,434537,198353,76169,116689
935,266303,62884,395195,436620,200079,77391,117067
936,265604,63206,393799,435238,198921,77126,115741
937,264933,62832,394010,434171,196997,76681,115240
938,265316,63406,392990,436684,198003,76903,115264
939,264702,63791,396218,434104,198114,76288,116507
940,264527,63979,391488,433914,198286,76320,116854
941,265744,63642,394905,435756,199670,77025,115735
942,266347,63470,393213,436275,198981,76827,115192
943,265729,63471,392938,436404,198216,76681,116189
944,265478,63255,397532,434942,197883,76845,114453
945,264672,63865,393815,435401,199064,77006,115851
946,264737,63241,393034,436414,197247,76682,114949
947,265604,63590,393437,435478,200043,77248,116408
948,265225,63527,392831,434760,197540,76663,115553
949,266522,63718,392992,437488,198496,76676,114714
950,265555,62913,393329,436866,198886,76708,116662
951,267113,63580,394199,434275,198667,76812,116552
952,265510,63557,396724,435257,199400,77148,115139
953,266763,63345,397002,437607,198328,76509,115996
954,265709,63524,392883,435846,199413,76448,116857
955,264057,63294,395882,434746,197620,76240,115248
956,265938,62907,394540,434725,198551,77317,114867
957,266337,63766,394982,435115,198281,77376,115485
958,265477,63877,394580,434419,196225,76625,114965
959,264461,63256,392994,435320,197710,77046,115134
960,266401,63324,394529,437370,198484,77090,115218
961,264632,63302,395230,433858,198308,76908,116389
962,265065,63396,394400,436479,198955,76908,116020
963,267144,63592,392720,438511,199074,77160,115772
964,265801,63483,395885,434219,197644,76514,115254
965,266622,63557,393860,434388,196995,76297,115427
966,264982,63669,392851,435006,198298,76767,115379
967,266771,63301,394142,436669,197842,76623,115744
968,265998,63584,393671,435677,199867,77144,116314
969,265112,63755,390379,431712,198779,77232,116268
970,264990,63507,392526,435719,198584,76779,116481
971,266053,63021,393986,435162,198422,76914,115747
972,266086,63441,392661,436403,198604,76581,116089
973,267482,63158,394445,436608,197897,77161,115278
974,264354,63495,393459,434015,196909,76270,115307
975,265785,63470,394129,434557,198613,76818,116045
976,265756,63773,393250,436396,199093,77144,115903
977,264426,63930,395383,435490,198149,76498,115618
978,264106,63514,396283,433854,198316,76500,115347
979,266439,63858,392980,434620,199317,76949,114939
980,265721,63829,394942,436063,198231,76435,115517
981,265474,63098,393672,434245,199573,77477,115742
982,265244,63350,394668,435491,197513,76900,115394
983,265794,63355,395642,434587,198024,76558,116105
984,266268,64016,391259,436085,198156,76805,115532
985,265453,63650,395344,435023,197758,76711,116753
986,266148,62978,394510,436241,198630,76952,117098
987,265691,63404,394456,434972,199354,76946,116140
988,266282,63178,392413,436606,197943,76672,116125
989,265974,63302,392241,436186,198830,76772,115648
990,265492,63065,394061,436783,199266,76496,115577
991,266378,63240,393400,436687,198366,76540,115570
992,265627,63433,395876,435020,199849,77120,116051
993,264441,63728,394862,434105,196749,75809,115172
994,265254,63068,392530,436464,198852,77035,116308
995,266751,63366,394378,437916,199209,77007,114853
996,267148,63188,394450,436233,199083,76575,116205
997,266699,63887,392984,435205,197955,76129,115352
998,264384,63296,393288,434772,196859,76577,115822
999,266201,62852,395136,436930,198871,76957,115523
1000,266698,63451,395437,436879,199212,76883,115493
