"sample_id","p_value","global_z_score","shift_bp","local_z_score"
"SRX1025894",0.0099009900990099,37.1027,-5000,26.2886651368287
"SRX1025894",0.0099009900990099,37.1027,-4950,26.3438656479634
"SRX1025894",0.0099009900990099,37.1027,-4900,26.3530657331525
"SRX1025894",0.0099009900990099,37.1027,-4850,26.4542666702328
"SRX1025894",0.0099009900990099,37.1027,-4800,26.5160386707883
"SRX1025894",0.0099009900990099,37.1027,-4750,26.538381734819
"SRX1025894",0.0099009900990099,37.1027,-4700,26.5672962882705
"SRX1025894",0.0099009900990099,37.1027,-4650,26.5567819051972
"SRX1025894",0.0099009900990099,37.1027,-4600,26.6776973105399
"SRX1025894",0.0099009900990099,37.1027,-4550,26.81044139684
"SRX1025894",0.0099009900990099,37.1027,-4500,26.926099610646
"SRX1025894",0.0099009900990099,37.1027,-4450,27.0404435265679
"SRX1025894",0.0099009900990099,37.1027,-4400,27.115358505965
"SRX1025894",0.0099009900990099,37.1027,-4350,27.0798724630927
"SRX1025894",0.0099009900990099,37.1027,-4300,27.0575293990619
"SRX1025894",0.0099009900990099,37.1027,-4250,27.206045059972
"SRX1025894",0.0099009900990099,37.1027,-4200,27.2205023366977
"SRX1025894",0.0099009900990099,37.1027,-4150,27.2336453155393
"SRX1025894",0.0099009900990099,37.1027,-4100,27.1166728038491
"SRX1025894",0.0099009900990099,37.1027,-4050,27.1968449747828
"SRX1025894",0.0099009900990099,37.1027,-4000,27.2349596134235
"SRX1025894",0.0099009900990099,37.1027,-3950,27.379532380681
"SRX1025894",0.0099009900990099,37.1027,-3900,27.379532380681
"SRX1025894",0.0099009900990099,37.1027,-3850,27.4899334029504
"SRX1025894",0.0099009900990099,37.1027,-3800,27.5372481267801
"SRX1025894",0.0099009900990099,37.1027,-3750,27.7159926390258
"SRX1025894",0.0099009900990099,37.1027,-3700,27.8145649803377
"SRX1025894",0.0099009900990099,37.1027,-3650,27.8487367253259
"SRX1025894",0.0099009900990099,37.1027,-3600,27.9538805560586
"SRX1025894",0.0099009900990099,37.1027,-3550,28.0406242164132
"SRX1025894",0.0099009900990099,37.1027,-3500,28.1667968132925
"SRX1025894",0.0099009900990099,37.1027,-3450,28.2850836228668
"SRX1025894",0.0099009900990099,37.1027,-3400,28.4217706028194
"SRX1025894",0.0099009900990099,37.1027,-3350,28.4979998801006
"SRX1025894",0.0099009900990099,37.1027,-3300,28.6215438812116
"SRX1025894",0.0099009900990099,37.1027,-3250,28.6373154558215
"SRX1025894",0.0099009900990099,37.1027,-3200,28.7805739251949
"SRX1025894",0.0099009900990099,37.1027,-3150,28.8384030320979
"SRX1025894",0.0099009900990099,37.1027,-3100,28.9028036284217
"SRX1025894",0.0099009900990099,37.1027,-3050,28.9343467776415
"SRX1025894",0.0099009900990099,37.1027,-3000,29.0013759697337
"SRX1025894",0.0099009900990099,37.1027,-2950,29.1656632052536
"SRX1025894",0.0099009900990099,37.1027,-2900,29.2550354613764
"SRX1025894",0.0099009900990099,37.1027,-2850,29.3522935048042
"SRX1025894",0.0099009900990099,37.1027,-2800,29.4810946974518
"SRX1025894",0.0099009900990099,37.1027,-2750,29.5520667831964
"SRX1025894",0.0099009900990099,37.1027,-2700,29.7071539335272
"SRX1025894",0.0099009900990099,37.1027,-2650,29.8766983605838
"SRX1025894",0.0099009900990099,37.1027,-2600,30.0068138511156
"SRX1025894",0.0099009900990099,37.1027,-2550,30.2341873850751
"SRX1025894",0.0099009900990099,37.1027,-2500,30.2946450877465
"SRX1025894",0.0099009900990099,37.1027,-2450,30.5154471322852
"SRX1025894",0.0099009900990099,37.1027,-2400,30.6744771762685
"SRX1025894",0.0099009900990099,37.1027,-2350,30.7507064535498
"SRX1025894",0.0099009900990099,37.1027,-2300,30.8808219440815
"SRX1025894",0.0099009900990099,37.1027,-2250,31.0188232219183
"SRX1025894",0.0099009900990099,37.1027,-2200,31.1949391383956
"SRX1025894",0.0099009900990099,37.1027,-2150,31.3881409273671
"SRX1025894",0.0099009900990099,37.1027,-2100,31.5879142057593
"SRX1025894",0.0099009900990099,37.1027,-2050,31.7653444201208
"SRX1025894",0.0099009900990099,37.1027,-2000,31.9493461239031
"SRX1025894",0.0099009900990099,37.1027,-1950,32.0689472313616
"SRX1025894",0.0099009900990099,37.1027,-1900,32.3107780420469
"SRX1025894",0.0099009900990099,37.1027,-1850,32.5210657035124
"SRX1025894",0.0099009900990099,37.1027,-1800,32.7510678332403
"SRX1025894",0.0099009900990099,37.1027,-1750,33.0099845164197
"SRX1025894",0.0099009900990099,37.1027,-1700,33.1650716667505
"SRX1025894",0.0099009900990099,37.1027,-1650,33.5278178827785
"SRX1025894",0.0099009900990099,37.1027,-1600,33.6684477563836
"SRX1025894",0.0099009900990099,37.1027,-1550,33.7657057998114
"SRX1025894",0.0099009900990099,37.1027,-1500,33.9930793337709
"SRX1025894",0.0099009900990099,37.1027,-1450,34.224395761383
"SRX1025894",0.0099009900990099,37.1027,-1400,34.4202261461227
"SRX1025894",0.0099009900990099,37.1027,-1350,34.61211363721
"SRX1025894",0.0099009900990099,37.1027,-1300,34.7698293833091
"SRX1025894",0.0099009900990099,37.1027,-1250,34.9656597680489
"SRX1025894",0.0099009900990099,37.1027,-1200,35.2114334723867
"SRX1025894",0.0099009900990099,37.1027,-1150,35.3717778142541
"SRX1025894",0.0099009900990099,37.1027,-1100,35.5781225820671
"SRX1025894",0.0099009900990099,37.1027,-1050,35.7792101583435
"SRX1025894",0.0099009900990099,37.1027,-1000,35.9526974790526
"SRX1025894",0.0099009900990099,37.1027,-950,36.1669280341705
"SRX1025894",0.0099009900990099,37.1027,-900,36.4481877813806
"SRX1025894",0.0099009900990099,37.1027,-850,36.566474590955
"SRX1025894",0.0099009900990099,37.1027,-800,36.690018592066
"SRX1025894",0.0099009900990099,37.1027,-750,36.8516772318176
"SRX1025894",0.0099009900990099,37.1027,-700,37.0107072758008
"SRX1025894",0.0099009900990099,37.1027,-650,36.9896785096543
"SRX1025894",0.0099009900990099,37.1027,-600,37.110593914997
"SRX1025894",0.0099009900990099,37.1027,-550,37.2025947668881
"SRX1025894",0.0099009900990099,37.1027,-500,37.3563676193348
"SRX1025894",0.0099009900990099,37.1027,-450,37.4838545140982
"SRX1025894",0.0099009900990099,37.1027,-400,37.638941664429
"SRX1025894",0.0099009900990099,37.1027,-350,37.7440854951618
"SRX1025894",0.0099009900990099,37.1027,-300,37.7007136649845
"SRX1025894",0.0099009900990099,37.1027,-250,37.6678562178805
"SRX1025894",0.0099009900990099,37.1027,-200,37.7138566438261
"SRX1025894",0.0099009900990099,37.1027,-150,37.5995127279042
"SRX1025894",0.0099009900990099,37.1027,-100,37.3787106833655
"SRX1025894",0.0099009900990099,37.1027,-50,37.2380808097604
"SRX1025894",0.0099009900990099,37.1027,0,37.102708127692
"SRX1025894",0.0099009900990099,37.1027,50,37.193394681699
"SRX1025894",0.0099009900990099,37.1027,100,37.1841945965099
"SRX1025894",0.0099009900990099,37.1027,150,37.2446522991812
"SRX1025894",0.0099009900990099,37.1027,200,37.4089395347011
"SRX1025894",0.0099009900990099,37.1027,250,37.548255110422
"SRX1025894",0.0099009900990099,37.1027,300,37.6100271109775
"SRX1025894",0.0099009900990099,37.1027,350,37.6034556215567
"SRX1025894",0.0099009900990099,37.1027,400,37.5167119612022
"SRX1025894",0.0099009900990099,37.1027,450,37.4470541733418
"SRX1025894",0.0099009900990099,37.1027,500,37.4759687267933
"SRX1025894",0.0099009900990099,37.1027,550,37.4588828542992
"SRX1025894",0.0099009900990099,37.1027,600,37.3734534918288
"SRX1025894",0.0099009900990099,37.1027,650,37.2078519584247
"SRX1025894",0.0099009900990099,37.1027,700,37.0724792763563
"SRX1025894",0.0099009900990099,37.1027,750,36.9160778281414
"SRX1025894",0.0099009900990099,37.1027,800,36.8477343381651
"SRX1025894",0.0099009900990099,37.1027,850,36.649275357657
"SRX1025894",0.0099009900990099,37.1027,900,36.4389876961915
"SRX1025894",0.0099009900990099,37.1027,950,36.3719585040994
"SRX1025894",0.0099009900990099,37.1027,1000,36.2221285453052
"SRX1025894",0.0099009900990099,37.1027,1050,35.956640372705
"SRX1025894",0.0099009900990099,37.1027,1100,35.7424098175871
"SRX1025894",0.0099009900990099,37.1027,1150,35.5754939862988
"SRX1025894",0.0099009900990099,37.1027,1200,35.2679482814055
"SRX1025894",0.0099009900990099,37.1027,1250,35.090518067044
"SRX1025894",0.0099009900990099,37.1027,1300,34.9604025765122
"SRX1025894",0.0099009900990099,37.1027,1350,34.7619435960042
"SRX1025894",0.0099009900990099,37.1027,1400,34.496455423404
"SRX1025894",0.0099009900990099,37.1027,1450,34.2533103148345
"SRX1025894",0.0099009900990099,37.1027,1500,34.0469655470215
"SRX1025894",0.0099009900990099,37.1027,1550,33.9089642691847
"SRX1025894",0.0099009900990099,37.1027,1600,33.7065623950242
"SRX1025894",0.0099009900990099,37.1027,1650,33.4147882647408
"SRX1025894",0.0099009900990099,37.1027,1700,33.2583868165258
"SRX1025894",0.0099009900990099,37.1027,1750,32.9758127714316
"SRX1025894",0.0099009900990099,37.1027,1800,32.8706689406988
"SRX1025894",0.0099009900990099,37.1027,1850,32.6538097898125
"SRX1025894",0.0099009900990099,37.1027,1900,32.3962074045173
"SRX1025894",0.0099009900990099,37.1027,1950,32.1938055303568
"SRX1025894",0.0099009900990099,37.1027,2000,32.1491194022953
"SRX1025894",0.0099009900990099,37.1027,2050,32.0242611033002
"SRX1025894",0.0099009900990099,37.1027,2100,31.7982018672248
"SRX1025894",0.0099009900990099,37.1027,2150,31.4761988856057
"SRX1025894",0.0099009900990099,37.1027,2200,31.3171688416225
"SRX1025894",0.0099009900990099,37.1027,2250,31.0253947113391
"SRX1025894",0.0099009900990099,37.1027,2300,30.9399653488687
"SRX1025894",0.0099009900990099,37.1027,2350,30.7375634747082
"SRX1025894",0.0099009900990099,37.1027,2400,30.5995621968714
"SRX1025894",0.0099009900990099,37.1027,2450,30.4655038126872
"SRX1025894",0.0099009900990099,37.1027,2500,30.3721886629119
"SRX1025894",0.0099009900990099,37.1027,2550,30.2841307046732
"SRX1025894",0.0099009900990099,37.1027,2600,30.1027575966592
"SRX1025894",0.0099009900990099,37.1027,2650,30.0593857664819
"SRX1025894",0.0099009900990099,37.1027,2700,29.862241083858
"SRX1025894",0.0099009900990099,37.1027,2750,29.7768117213877
"SRX1025894",0.0099009900990099,37.1027,2800,29.7689259340827
"SRX1025894",0.0099009900990099,37.1027,2850,29.6519534223925
"SRX1025894",0.0099009900990099,37.1027,2900,29.7032110398748
"SRX1025894",0.0099009900990099,37.1027,2950,29.5454952937756
"SRX1025894",0.0099009900990099,37.1027,3000,29.3378362280785
"SRX1025894",0.0099009900990099,37.1027,3050,29.2589783550289
"SRX1025894",0.0099009900990099,37.1027,3100,29.177491886211
"SRX1025894",0.0099009900990099,37.1027,3150,29.0355477147218
"SRX1025894",0.0099009900990099,37.1027,3200,28.9606327353247
"SRX1025894",0.0099009900990099,37.1027,3250,28.822631457488
"SRX1025894",0.0099009900990099,37.1027,3300,28.7542879675117
"SRX1025894",0.0099009900990099,37.1027,3350,28.6925159669562
"SRX1025894",0.0099009900990099,37.1027,3400,28.5545146891195
"SRX1025894",0.0099009900990099,37.1027,3450,28.4533137520392
"SRX1025894",0.0099009900990099,37.1027,3500,28.4125705176303
"SRX1025894",0.0099009900990099,37.1027,3550,28.286397920751
"SRX1025894",0.0099009900990099,37.1027,3600,28.3153124742025
"SRX1025894",0.0099009900990099,37.1027,3650,28.1378822598409
"SRX1025894",0.0099009900990099,37.1027,3700,28.0708530677488
"SRX1025894",0.0099009900990099,37.1027,3750,27.9985666841201
"SRX1025894",0.0099009900990099,37.1027,3800,27.8408509380209
"SRX1025894",0.0099009900990099,37.1027,3850,27.8211364697585
"SRX1025894",0.0099009900990099,37.1027,3900,27.7265070220991
"SRX1025894",0.0099009900990099,37.1027,3950,27.684449489806
"SRX1025894",0.0099009900990099,37.1027,4000,27.6831351919218
"SRX1025894",0.0099009900990099,37.1027,4050,27.5845628506099
"SRX1025894",0.0099009900990099,37.1027,4100,27.5832485527257
"SRX1025894",0.0099009900990099,37.1027,4150,27.4820476156454
"SRX1025894",0.0099009900990099,37.1027,4200,27.4229042108583
"SRX1025894",0.0099009900990099,37.1027,4250,27.3072459970522
"SRX1025894",0.0099009900990099,37.1027,4300,27.3729608912602
"SRX1025894",0.0099009900990099,37.1027,4350,27.3519321251136
"SRX1025894",0.0099009900990099,37.1027,4400,27.2796457414849
"SRX1025894",0.0099009900990099,37.1027,4450,27.1087870165442
"SRX1025894",0.0099009900990099,37.1027,4500,27.0982726334709
"SRX1025894",0.0099009900990099,37.1027,4550,27.0154718667688
"SRX1025894",0.0099009900990099,37.1027,4600,26.8590704185539
"SRX1025894",0.0099009900990099,37.1027,4650,26.835413056639
"SRX1025894",0.0099009900990099,37.1027,4700,26.694783183034
"SRX1025894",0.0099009900990099,37.1027,4750,26.629068288826
"SRX1025894",0.0099009900990099,37.1027,4800,26.5883250544171
"SRX1025894",0.0099009900990099,37.1027,4850,26.5291816496299
"SRX1025894",0.0099009900990099,37.1027,4900,26.5120957771358
"SRX1025894",0.0099009900990099,37.1027,4950,26.596210841722
"SRX1025894",0.0099009900990099,37.1027,5000,26.5436389263556
"SRX1025896",0.168316831683168,0.9515,-5000,0.251860624803886
"SRX1025896",0.168316831683168,0.9515,-4950,0.451750009568876
"SRX1025896",0.168316831683168,0.9515,-4900,0.55169470195137
"SRX1025896",0.168316831683168,0.9515,-4850,0.451750009568876
"SRX1025896",0.168316831683168,0.9515,-4800,0.651639394333865
"SRX1025896",0.168316831683168,0.9515,-4750,0.651639394333865
"SRX1025896",0.168316831683168,0.9515,-4700,0.651639394333865
"SRX1025896",0.168316831683168,0.9515,-4650,0.451750009568876
"SRX1025896",0.168316831683168,0.9515,-4600,0.351805317186381
"SRX1025896",0.168316831683168,0.9515,-4550,0.851528779098854
"SRX1025896",0.168316831683168,0.9515,-4500,0.851528779098854
"SRX1025896",0.168316831683168,0.9515,-4450,0.951473471481349
"SRX1025896",0.168316831683168,0.9515,-4400,0.951473471481349
"SRX1025896",0.168316831683168,0.9515,-4350,0.951473471481349
"SRX1025896",0.168316831683168,0.9515,-4300,0.851528779098854
"SRX1025896",0.168316831683168,0.9515,-4250,0.75158408671636
"SRX1025896",0.168316831683168,0.9515,-4200,0.651639394333865
"SRX1025896",0.168316831683168,0.9515,-4150,0.851528779098854
"SRX1025896",0.168316831683168,0.9515,-4100,0.451750009568876
"SRX1025896",0.168316831683168,0.9515,-4050,0.55169470195137
"SRX1025896",0.168316831683168,0.9515,-4000,0.451750009568876
"SRX1025896",0.168316831683168,0.9515,-3950,0.75158408671636
"SRX1025896",0.168316831683168,0.9515,-3900,0.851528779098854
"SRX1025896",0.168316831683168,0.9515,-3850,0.851528779098854
"SRX1025896",0.168316831683168,0.9515,-3800,0.851528779098854
"SRX1025896",0.168316831683168,0.9515,-3750,0.851528779098854
"SRX1025896",0.168316831683168,0.9515,-3700,0.951473471481349
"SRX1025896",0.168316831683168,0.9515,-3650,0.75158408671636
"SRX1025896",0.168316831683168,0.9515,-3600,0.75158408671636
"SRX1025896",0.168316831683168,0.9515,-3550,0.75158408671636
"SRX1025896",0.168316831683168,0.9515,-3500,0.55169470195137
"SRX1025896",0.168316831683168,0.9515,-3450,0.651639394333865
"SRX1025896",0.168316831683168,0.9515,-3400,0.55169470195137
"SRX1025896",0.168316831683168,0.9515,-3350,0.55169470195137
"SRX1025896",0.168316831683168,0.9515,-3300,0.451750009568876
"SRX1025896",0.168316831683168,0.9515,-3250,0.451750009568876
"SRX1025896",0.168316831683168,0.9515,-3200,0.251860624803886
"SRX1025896",0.168316831683168,0.9515,-3150,0.251860624803886
"SRX1025896",0.168316831683168,0.9515,-3100,0.151915932421392
"SRX1025896",0.168316831683168,0.9515,-3050,0.0519712400388972
"SRX1025896",0.168316831683168,0.9515,-3000,-0.0479734523435975
"SRX1025896",0.168316831683168,0.9515,-2950,-0.0479734523435975
"SRX1025896",0.168316831683168,0.9515,-2900,0.151915932421392
"SRX1025896",0.168316831683168,0.9515,-2850,0.151915932421392
"SRX1025896",0.168316831683168,0.9515,-2800,0.151915932421392
"SRX1025896",0.168316831683168,0.9515,-2750,0.351805317186381
"SRX1025896",0.168316831683168,0.9515,-2700,0.451750009568876
"SRX1025896",0.168316831683168,0.9515,-2650,0.451750009568876
"SRX1025896",0.168316831683168,0.9515,-2600,0.75158408671636
"SRX1025896",0.168316831683168,0.9515,-2550,0.851528779098854
"SRX1025896",0.168316831683168,0.9515,-2500,0.851528779098854
"SRX1025896",0.168316831683168,0.9515,-2450,0.851528779098854
"SRX1025896",0.168316831683168,0.9515,-2400,0.75158408671636
"SRX1025896",0.168316831683168,0.9515,-2350,0.851528779098854
"SRX1025896",0.168316831683168,0.9515,-2300,1.05141816386384
"SRX1025896",0.168316831683168,0.9515,-2250,1.15136285624634
"SRX1025896",0.168316831683168,0.9515,-2200,1.35125224101133
"SRX1025896",0.168316831683168,0.9515,-2150,1.25130754862883
"SRX1025896",0.168316831683168,0.9515,-2100,1.25130754862883
"SRX1025896",0.168316831683168,0.9515,-2050,1.15136285624634
"SRX1025896",0.168316831683168,0.9515,-2000,1.15136285624634
"SRX1025896",0.168316831683168,0.9515,-1950,0.851528779098854
"SRX1025896",0.168316831683168,0.9515,-1900,0.651639394333865
"SRX1025896",0.168316831683168,0.9515,-1850,0.451750009568876
"SRX1025896",0.168316831683168,0.9515,-1800,0.251860624803886
"SRX1025896",0.168316831683168,0.9515,-1750,0.251860624803886
"SRX1025896",0.168316831683168,0.9515,-1700,0.351805317186381
"SRX1025896",0.168316831683168,0.9515,-1650,0.55169470195137
"SRX1025896",0.168316831683168,0.9515,-1600,0.55169470195137
"SRX1025896",0.168316831683168,0.9515,-1550,0.55169470195137
"SRX1025896",0.168316831683168,0.9515,-1500,0.351805317186381
"SRX1025896",0.168316831683168,0.9515,-1450,0.351805317186381
"SRX1025896",0.168316831683168,0.9515,-1400,0.351805317186381
"SRX1025896",0.168316831683168,0.9515,-1350,0.251860624803886
"SRX1025896",0.168316831683168,0.9515,-1300,0.251860624803886
"SRX1025896",0.168316831683168,0.9515,-1250,0.451750009568876
"SRX1025896",0.168316831683168,0.9515,-1200,0.55169470195137
"SRX1025896",0.168316831683168,0.9515,-1150,0.75158408671636
"SRX1025896",0.168316831683168,0.9515,-1100,0.75158408671636
"SRX1025896",0.168316831683168,0.9515,-1050,0.75158408671636
"SRX1025896",0.168316831683168,0.9515,-1000,0.651639394333865
"SRX1025896",0.168316831683168,0.9515,-950,0.75158408671636
"SRX1025896",0.168316831683168,0.9515,-900,0.951473471481349
"SRX1025896",0.168316831683168,0.9515,-850,0.75158408671636
"SRX1025896",0.168316831683168,0.9515,-800,0.451750009568876
"SRX1025896",0.168316831683168,0.9515,-750,0.451750009568876
"SRX1025896",0.168316831683168,0.9515,-700,0.451750009568876
"SRX1025896",0.168316831683168,0.9515,-650,0.55169470195137
"SRX1025896",0.168316831683168,0.9515,-600,0.651639394333865
"SRX1025896",0.168316831683168,0.9515,-550,0.451750009568876
"SRX1025896",0.168316831683168,0.9515,-500,0.651639394333865
"SRX1025896",0.168316831683168,0.9515,-450,0.75158408671636
"SRX1025896",0.168316831683168,0.9515,-400,0.951473471481349
"SRX1025896",0.168316831683168,0.9515,-350,0.851528779098854
"SRX1025896",0.168316831683168,0.9515,-300,0.951473471481349
"SRX1025896",0.168316831683168,0.9515,-250,1.05141816386384
"SRX1025896",0.168316831683168,0.9515,-200,1.15136285624634
"SRX1025896",0.168316831683168,0.9515,-150,1.15136285624634
"SRX1025896",0.168316831683168,0.9515,-100,1.05141816386384
"SRX1025896",0.168316831683168,0.9515,-50,0.951473471481349
"SRX1025896",0.168316831683168,0.9515,0,0.951473471481349
"SRX1025896",0.168316831683168,0.9515,50,0.75158408671636
"SRX1025896",0.168316831683168,0.9515,100,0.851528779098854
"SRX1025896",0.168316831683168,0.9515,150,1.05141816386384
"SRX1025896",0.168316831683168,0.9515,200,1.05141816386384
"SRX1025896",0.168316831683168,0.9515,250,0.851528779098854
"SRX1025896",0.168316831683168,0.9515,300,1.05141816386384
"SRX1025896",0.168316831683168,0.9515,350,1.05141816386384
"SRX1025896",0.168316831683168,0.9515,400,1.15136285624634
"SRX1025896",0.168316831683168,0.9515,450,1.35125224101133
"SRX1025896",0.168316831683168,0.9515,500,1.35125224101133
"SRX1025896",0.168316831683168,0.9515,550,1.15136285624634
"SRX1025896",0.168316831683168,0.9515,600,0.951473471481349
"SRX1025896",0.168316831683168,0.9515,650,0.851528779098854
"SRX1025896",0.168316831683168,0.9515,700,0.75158408671636
"SRX1025896",0.168316831683168,0.9515,750,0.851528779098854
"SRX1025896",0.168316831683168,0.9515,800,0.951473471481349
"SRX1025896",0.168316831683168,0.9515,850,0.951473471481349
"SRX1025896",0.168316831683168,0.9515,900,0.951473471481349
"SRX1025896",0.168316831683168,0.9515,950,0.951473471481349
"SRX1025896",0.168316831683168,0.9515,1000,0.951473471481349
"SRX1025896",0.168316831683168,0.9515,1050,0.851528779098854
"SRX1025896",0.168316831683168,0.9515,1100,1.15136285624634
"SRX1025896",0.168316831683168,0.9515,1150,1.25130754862883
"SRX1025896",0.168316831683168,0.9515,1200,1.15136285624634
"SRX1025896",0.168316831683168,0.9515,1250,1.25130754862883
"SRX1025896",0.168316831683168,0.9515,1300,1.05141816386384
"SRX1025896",0.168316831683168,0.9515,1350,0.951473471481349
"SRX1025896",0.168316831683168,0.9515,1400,0.951473471481349
"SRX1025896",0.168316831683168,0.9515,1450,0.651639394333865
"SRX1025896",0.168316831683168,0.9515,1500,0.75158408671636
"SRX1025896",0.168316831683168,0.9515,1550,0.651639394333865
"SRX1025896",0.168316831683168,0.9515,1600,0.451750009568876
"SRX1025896",0.168316831683168,0.9515,1650,0.55169470195137
"SRX1025896",0.168316831683168,0.9515,1700,0.951473471481349
"SRX1025896",0.168316831683168,0.9515,1750,0.851528779098854
"SRX1025896",0.168316831683168,0.9515,1800,0.75158408671636
"SRX1025896",0.168316831683168,0.9515,1850,0.75158408671636
"SRX1025896",0.168316831683168,0.9515,1900,0.651639394333865
"SRX1025896",0.168316831683168,0.9515,1950,0.951473471481349
"SRX1025896",0.168316831683168,0.9515,2000,0.75158408671636
"SRX1025896",0.168316831683168,0.9515,2050,0.851528779098854
"SRX1025896",0.168316831683168,0.9515,2100,0.651639394333865
"SRX1025896",0.168316831683168,0.9515,2150,0.651639394333865
"SRX1025896",0.168316831683168,0.9515,2200,0.651639394333865
"SRX1025896",0.168316831683168,0.9515,2250,0.75158408671636
"SRX1025896",0.168316831683168,0.9515,2300,0.55169470195137
"SRX1025896",0.168316831683168,0.9515,2350,0.451750009568876
"SRX1025896",0.168316831683168,0.9515,2400,0.55169470195137
"SRX1025896",0.168316831683168,0.9515,2450,0.75158408671636
"SRX1025896",0.168316831683168,0.9515,2500,0.55169470195137
"SRX1025896",0.168316831683168,0.9515,2550,0.451750009568876
"SRX1025896",0.168316831683168,0.9515,2600,0.651639394333865
"SRX1025896",0.168316831683168,0.9515,2650,0.75158408671636
"SRX1025896",0.168316831683168,0.9515,2700,0.851528779098854
"SRX1025896",0.168316831683168,0.9515,2750,0.55169470195137
"SRX1025896",0.168316831683168,0.9515,2800,0.55169470195137
"SRX1025896",0.168316831683168,0.9515,2850,0.451750009568876
"SRX1025896",0.168316831683168,0.9515,2900,0.55169470195137
"SRX1025896",0.168316831683168,0.9515,2950,0.651639394333865
"SRX1025896",0.168316831683168,0.9515,3000,0.55169470195137
"SRX1025896",0.168316831683168,0.9515,3050,0.351805317186381
"SRX1025896",0.168316831683168,0.9515,3100,0.251860624803886
"SRX1025896",0.168316831683168,0.9515,3150,0.151915932421392
"SRX1025896",0.168316831683168,0.9515,3200,0.151915932421392
"SRX1025896",0.168316831683168,0.9515,3250,0.151915932421392
"SRX1025896",0.168316831683168,0.9515,3300,0.0519712400388972
"SRX1025896",0.168316831683168,0.9515,3350,0.351805317186381
"SRX1025896",0.168316831683168,0.9515,3400,0.351805317186381
"SRX1025896",0.168316831683168,0.9515,3450,0.451750009568876
"SRX1025896",0.168316831683168,0.9515,3500,0.55169470195137
"SRX1025896",0.168316831683168,0.9515,3550,0.75158408671636
"SRX1025896",0.168316831683168,0.9515,3600,0.75158408671636
"SRX1025896",0.168316831683168,0.9515,3650,0.651639394333865
"SRX1025896",0.168316831683168,0.9515,3700,0.55169470195137
"SRX1025896",0.168316831683168,0.9515,3750,0.251860624803886
"SRX1025896",0.168316831683168,0.9515,3800,0.251860624803886
"SRX1025896",0.168316831683168,0.9515,3850,0.351805317186381
"SRX1025896",0.168316831683168,0.9515,3900,0.151915932421392
"SRX1025896",0.168316831683168,0.9515,3950,-0.0479734523435975
"SRX1025896",0.168316831683168,0.9515,4000,-0.0479734523435975
"SRX1025896",0.168316831683168,0.9515,4050,0.351805317186381
"SRX1025896",0.168316831683168,0.9515,4100,0.351805317186381
"SRX1025896",0.168316831683168,0.9515,4150,0.351805317186381
"SRX1025896",0.168316831683168,0.9515,4200,0.55169470195137
"SRX1025896",0.168316831683168,0.9515,4250,0.651639394333865
"SRX1025896",0.168316831683168,0.9515,4300,0.651639394333865
"SRX1025896",0.168316831683168,0.9515,4350,0.75158408671636
"SRX1025896",0.168316831683168,0.9515,4400,0.651639394333865
"SRX1025896",0.168316831683168,0.9515,4450,0.951473471481349
"SRX1025896",0.168316831683168,0.9515,4500,0.951473471481349
"SRX1025896",0.168316831683168,0.9515,4550,0.851528779098854
"SRX1025896",0.168316831683168,0.9515,4600,0.951473471481349
"SRX1025896",0.168316831683168,0.9515,4650,0.851528779098854
"SRX1025896",0.168316831683168,0.9515,4700,0.851528779098854
"SRX1025896",0.168316831683168,0.9515,4750,0.651639394333865
"SRX1025896",0.168316831683168,0.9515,4800,0.851528779098854
"SRX1025896",0.168316831683168,0.9515,4850,1.05141816386384
"SRX1025896",0.168316831683168,0.9515,4900,0.651639394333865
"SRX1025896",0.168316831683168,0.9515,4950,0.55169470195137
"SRX1025896",0.168316831683168,0.9515,5000,0.451750009568876
"SRX2683605",0.0099009900990099,173.0662,-5000,9.57765633999586
"SRX2683605",0.0099009900990099,173.0662,-4950,9.52836827731577
"SRX2683605",0.0099009900990099,173.0662,-4900,9.25728393257525
"SRX2683605",0.0099009900990099,173.0662,-4850,9.60230037133591
"SRX2683605",0.0099009900990099,173.0662,-4800,9.89802874741647
"SRX2683605",0.0099009900990099,173.0662,-4750,10.2430451861771
"SRX2683605",0.0099009900990099,173.0662,-4700,10.0705369667968
"SRX2683605",0.0099009900990099,173.0662,-4650,9.77480859071624
"SRX2683605",0.0099009900990099,173.0662,-4600,9.67623246535605
"SRX2683605",0.0099009900990099,173.0662,-4550,9.55301230865581
"SRX2683605",0.0099009900990099,173.0662,-4500,9.94731681009657
"SRX2683605",0.0099009900990099,173.0662,-4450,10.0705369667968
"SRX2683605",0.0099009900990099,173.0662,-4400,10.2676892175172
"SRX2683605",0.0099009900990099,173.0662,-4350,10.3662653428774
"SRX2683605",0.0099009900990099,173.0662,-4300,10.3169772801973
"SRX2683605",0.0099009900990099,173.0662,-4250,10.0212489041167
"SRX2683605",0.0099009900990099,173.0662,-4200,10.3169772801973
"SRX2683605",0.0099009900990099,173.0662,-4150,10.4894854995776
"SRX2683605",0.0099009900990099,173.0662,-4100,10.6127056562778
"SRX2683605",0.0099009900990099,173.0662,-4050,10.5141295309176
"SRX2683605",0.0099009900990099,173.0662,-4000,10.7359258129781
"SRX2683605",0.0099009900990099,173.0662,-3950,10.3169772801973
"SRX2683605",0.0099009900990099,173.0662,-3900,10.5634175935977
"SRX2683605",0.0099009900990099,173.0662,-3850,10.3169772801973
"SRX2683605",0.0099009900990099,173.0662,-3800,9.94731681009657
"SRX2683605",0.0099009900990099,173.0662,-3750,9.67623246535605
"SRX2683605",0.0099009900990099,173.0662,-3700,9.47908021463567
"SRX2683605",0.0099009900990099,173.0662,-3650,9.79945262205628
"SRX2683605",0.0099009900990099,173.0662,-3600,9.651588434016
"SRX2683605",0.0099009900990099,173.0662,-3550,9.62694440267595
"SRX2683605",0.0099009900990099,173.0662,-3500,9.72552052803614
"SRX2683605",0.0099009900990099,173.0662,-3450,9.67623246535605
"SRX2683605",0.0099009900990099,173.0662,-3400,9.55301230865581
"SRX2683605",0.0099009900990099,173.0662,-3350,9.52836827731577
"SRX2683605",0.0099009900990099,173.0662,-3300,9.42979215195558
"SRX2683605",0.0099009900990099,173.0662,-3250,9.25728393257525
"SRX2683605",0.0099009900990099,173.0662,-3200,9.30657199525534
"SRX2683605",0.0099009900990099,173.0662,-3150,9.57765633999586
"SRX2683605",0.0099009900990099,173.0662,-3100,9.38050408927548
"SRX2683605",0.0099009900990099,173.0662,-3050,9.87338471607642
"SRX2683605",0.0099009900990099,173.0662,-3000,9.52836827731577
"SRX2683605",0.0099009900990099,173.0662,-2950,9.72552052803614
"SRX2683605",0.0099009900990099,173.0662,-2900,9.67623246535605
"SRX2683605",0.0099009900990099,173.0662,-2850,9.87338471607642
"SRX2683605",0.0099009900990099,173.0662,-2800,10.5880616249378
"SRX2683605",0.0099009900990099,173.0662,-2750,10.6619937189579
"SRX2683605",0.0099009900990099,173.0662,-2700,11.1302303144188
"SRX2683605",0.0099009900990099,173.0662,-2650,11.74633109792
"SRX2683605",0.0099009900990099,173.0662,-2600,11.3766706278193
"SRX2683605",0.0099009900990099,173.0662,-2550,11.8449072232802
"SRX2683605",0.0099009900990099,173.0662,-2500,12.263855756061
"SRX2683605",0.0099009900990099,173.0662,-2450,12.4363639754413
"SRX2683605",0.0099009900990099,173.0662,-2400,13.2249729783228
"SRX2683605",0.0099009900990099,173.0662,-2350,13.5946334484235
"SRX2683605",0.0099009900990099,173.0662,-2300,13.865717793164
"SRX2683605",0.0099009900990099,173.0662,-2250,13.8903618245041
"SRX2683605",0.0099009900990099,173.0662,-2200,13.9396498871842
"SRX2683605",0.0099009900990099,173.0662,-2150,14.5064626080053
"SRX2683605",0.0099009900990099,173.0662,-2100,14.9500551721261
"SRX2683605",0.0099009900990099,173.0662,-2050,15.4675798302671
"SRX2683605",0.0099009900990099,173.0662,-2000,15.6400880496474
"SRX2683605",0.0099009900990099,173.0662,-1950,16.453341083869
"SRX2683605",0.0099009900990099,173.0662,-1900,17.4637463688109
"SRX2683605",0.0099009900990099,173.0662,-1850,18.7205919671533
"SRX2683605",0.0099009900990099,173.0662,-1800,19.5831330640549
"SRX2683605",0.0099009900990099,173.0662,-1750,20.5196062549767
"SRX2683605",0.0099009900990099,173.0662,-1700,21.6285876652788
"SRX2683605",0.0099009900990099,173.0662,-1650,23.2304497023819
"SRX2683605",0.0099009900990099,173.0662,-1600,24.7830236768049
"SRX2683605",0.0099009900990099,173.0662,-1550,25.8673610557669
"SRX2683605",0.0099009900990099,173.0662,-1500,27.4445790615299
"SRX2683605",0.0099009900990099,173.0662,-1450,29.071085129973
"SRX2683605",0.0099009900990099,173.0662,-1400,31.3876240759374
"SRX2683605",0.0099009900990099,173.0662,-1350,33.260570457781
"SRX2683605",0.0099009900990099,173.0662,-1300,36.0207019678663
"SRX2683605",0.0099009900990099,173.0662,-1250,38.8547655719717
"SRX2683605",0.0099009900990099,173.0662,-1200,42.0831336775178
"SRX2683605",0.0099009900990099,173.0662,-1150,45.5579420964645
"SRX2683605",0.0099009900990099,173.0662,-1100,49.2299027661315
"SRX2683605",0.0099009900990099,173.0662,-1050,53.3947440625994
"SRX2683605",0.0099009900990099,173.0662,-1000,58.5207025813292
"SRX2683605",0.0099009900990099,173.0662,-950,63.4002207866585
"SRX2683605",0.0099009900990099,173.0662,-900,69.0437039635292
"SRX2683605",0.0099009900990099,173.0662,-850,74.4407468269995
"SRX2683605",0.0099009900990099,173.0662,-800,80.4046024112909
"SRX2683605",0.0099009900990099,173.0662,-750,86.5409662149626
"SRX2683605",0.0099009900990099,173.0662,-700,93.5152270841959
"SRX2683605",0.0099009900990099,173.0662,-650,101.327385018991
"SRX2683605",0.0099009900990099,173.0662,-600,107.784121230083
"SRX2683605",0.0099009900990099,173.0662,-550,113.871196971075
"SRX2683605",0.0099009900990099,173.0662,-500,120.525085432887
"SRX2683605",0.0099009900990099,173.0662,-450,127.573278396141
"SRX2683605",0.0099009900990099,173.0662,-400,135.065063923515
"SRX2683605",0.0099009900990099,173.0662,-350,142.335053168829
"SRX2683605",0.0099009900990099,173.0662,-300,149.087517756002
"SRX2683605",0.0099009900990099,173.0662,-250,154.164188212052
"SRX2683605",0.0099009900990099,173.0662,-200,159.438010918822
"SRX2683605",0.0099009900990099,173.0662,-150,164.440749280851
"SRX2683605",0.0099009900990099,173.0662,-100,168.309862201239
"SRX2683605",0.0099009900990099,173.0662,-50,172.080398996266
"SRX2683605",0.0099009900990099,173.0662,0,173.066160249868
"SRX2683605",0.0099009900990099,173.0662,50,171.957178839565
"SRX2683605",0.0099009900990099,173.0662,100,169.394199580201
"SRX2683605",0.0099009900990099,173.0662,150,164.687189594252
"SRX2683605",0.0099009900990099,173.0662,200,160.251263953043
"SRX2683605",0.0099009900990099,173.0662,250,155.347101716374
"SRX2683605",0.0099009900990099,173.0662,300,149.161449850022
"SRX2683605",0.0099009900990099,173.0662,350,143.419390547791
"SRX2683605",0.0099009900990099,173.0662,400,137.036586430719
"SRX2683605",0.0099009900990099,173.0662,450,130.160901686846
"SRX2683605",0.0099009900990099,173.0662,500,123.383793068333
"SRX2683605",0.0099009900990099,173.0662,550,116.5327523558
"SRX2683605",0.0099009900990099,173.0662,600,109.632423580587
"SRX2683605",0.0099009900990099,173.0662,650,103.052467212794
"SRX2683605",0.0099009900990099,173.0662,700,95.9303421555205
"SRX2683605",0.0099009900990099,173.0662,750,89.2764536937078
"SRX2683605",0.0099009900990099,173.0662,800,83.0415137646759
"SRX2683605",0.0099009900990099,173.0662,850,76.7326417416239
"SRX2683605",0.0099009900990099,173.0662,900,71.039870502073
"SRX2683605",0.0099009900990099,173.0662,950,65.2978111998421
"SRX2683605",0.0099009900990099,173.0662,1000,60.2211407437924
"SRX2683605",0.0099009900990099,173.0662,1050,55.4155546324833
"SRX2683605",0.0099009900990099,173.0662,1100,51.3000013986954
"SRX2683605",0.0099009900990099,173.0662,1150,47.2583802589277
"SRX2683605",0.0099009900990099,173.0662,1200,43.2906912131801
"SRX2683605",0.0099009900990099,173.0662,1250,39.3476461987726
"SRX2683605",0.0099009900990099,173.0662,1300,36.2917863126068
"SRX2683605",0.0099009900990099,173.0662,1350,33.1619943324208
"SRX2683605",0.0099009900990099,173.0662,1400,30.5990150730559
"SRX2683605",0.0099009900990099,173.0662,1450,28.8739328792526
"SRX2683605",0.0099009900990099,173.0662,1500,26.8038342466887
"SRX2683605",0.0099009900990099,173.0662,1550,25.0048199588653
"SRX2683605",0.0099009900990099,173.0662,1600,23.1565176083617
"SRX2683605",0.0099009900990099,173.0662,1650,21.7764518533191
"SRX2683605",0.0099009900990099,173.0662,1700,20.6921144743571
"SRX2683605",0.0099009900990099,173.0662,1750,19.3366927506545
"SRX2683605",0.0099009900990099,173.0662,1800,18.2523553716924
"SRX2683605",0.0099009900990099,173.0662,1850,18.1044911836521
"SRX2683605",0.0099009900990099,173.0662,1900,17.513034431491
"SRX2683605",0.0099009900990099,173.0662,1950,17.3898142747908
"SRX2683605",0.0099009900990099,173.0662,2000,16.8230015539697
"SRX2683605",0.0099009900990099,173.0662,2050,16.5026291465491
"SRX2683605",0.0099009900990099,173.0662,2100,15.8618843317078
"SRX2683605",0.0099009900990099,173.0662,2150,14.900767109446
"SRX2683605",0.0099009900990099,173.0662,2200,14.8514790467659
"SRX2683605",0.0099009900990099,173.0662,2250,14.0135819812043
"SRX2683605",0.0099009900990099,173.0662,2300,13.4467692603832
"SRX2683605",0.0099009900990099,173.0662,2350,13.2742610410029
"SRX2683605",0.0099009900990099,173.0662,2400,13.1510408843027
"SRX2683605",0.0099009900990099,173.0662,2450,12.7320923515219
"SRX2683605",0.0099009900990099,173.0662,2500,12.263855756061
"SRX2683605",0.0099009900990099,173.0662,2550,11.8695512546202
"SRX2683605",0.0099009900990099,173.0662,2600,11.3027385337992
"SRX2683605",0.0099009900990099,173.0662,2650,11.1795183770989
"SRX2683605",0.0099009900990099,173.0662,2700,10.7852138756582
"SRX2683605",0.0099009900990099,173.0662,2750,10.5880616249378
"SRX2683605",0.0099009900990099,173.0662,2800,10.3416213115373
"SRX2683605",0.0099009900990099,173.0662,2850,10.193757123497
"SRX2683605",0.0099009900990099,173.0662,2900,9.62694440267595
"SRX2683605",0.0099009900990099,173.0662,2950,9.87338471607642
"SRX2683605",0.0099009900990099,173.0662,3000,10.1198250294769
"SRX2683605",0.0099009900990099,173.0662,3050,9.87338471607642
"SRX2683605",0.0099009900990099,173.0662,3100,9.97196084143661
"SRX2683605",0.0099009900990099,173.0662,3150,10.1198250294769
"SRX2683605",0.0099009900990099,173.0662,3200,10.3169772801973
"SRX2683605",0.0099009900990099,173.0662,3250,10.3909093742174
"SRX2683605",0.0099009900990099,173.0662,3300,10.3909093742174
"SRX2683605",0.0099009900990099,173.0662,3350,10.3909093742174
"SRX2683605",0.0099009900990099,173.0662,3400,10.3909093742174
"SRX2683605",0.0099009900990099,173.0662,3450,10.8591459696783
"SRX2683605",0.0099009900990099,173.0662,3500,10.7852138756582
"SRX2683605",0.0099009900990099,173.0662,3550,10.3662653428774
"SRX2683605",0.0099009900990099,173.0662,3600,10.2923332488572
"SRX2683605",0.0099009900990099,173.0662,3650,10.193757123497
"SRX2683605",0.0099009900990099,173.0662,3700,10.0705369667968
"SRX2683605",0.0099009900990099,173.0662,3750,9.99660487277666
"SRX2683605",0.0099009900990099,173.0662,3800,9.99660487277666
"SRX2683605",0.0099009900990099,173.0662,3850,10.0458929354568
"SRX2683605",0.0099009900990099,173.0662,3900,9.94731681009657
"SRX2683605",0.0099009900990099,173.0662,3950,10.4648414682376
"SRX2683605",0.0099009900990099,173.0662,4000,10.3416213115373
"SRX2683605",0.0099009900990099,173.0662,4050,10.3909093742174
"SRX2683605",0.0099009900990099,173.0662,4100,10.2184011548371
"SRX2683605",0.0099009900990099,173.0662,4150,10.2923332488572
"SRX2683605",0.0099009900990099,173.0662,4200,10.4648414682376
"SRX2683605",0.0099009900990099,173.0662,4250,10.4155534055575
"SRX2683605",0.0099009900990099,173.0662,4300,10.4648414682376
"SRX2683605",0.0099009900990099,173.0662,4350,10.5880616249378
"SRX2683605",0.0099009900990099,173.0662,4400,10.0212489041167
"SRX2683605",0.0099009900990099,173.0662,4450,9.89802874741647
"SRX2683605",0.0099009900990099,173.0662,4500,9.87338471607642
"SRX2683605",0.0099009900990099,173.0662,4550,9.94731681009657
"SRX2683605",0.0099009900990099,173.0662,4600,9.62694440267595
"SRX2683605",0.0099009900990099,173.0662,4650,8.81369136845441
"SRX2683605",0.0099009900990099,173.0662,4700,8.96155555649469
"SRX2683605",0.0099009900990099,173.0662,4750,9.13406377587502
"SRX2683605",0.0099009900990099,173.0662,4800,8.98619958783473
"SRX2683605",0.0099009900990099,173.0662,4850,9.13406377587502
"SRX2683605",0.0099009900990099,173.0662,4900,9.52836827731577
"SRX2683605",0.0099009900990099,173.0662,4950,9.72552052803614
"SRX2683605",0.0099009900990099,173.0662,5000,9.38050408927548
"SRX2675009",0.0198019801980198,6.8175,-5000,-0.259491005215058
"SRX2675009",0.0198019801980198,6.8175,-4950,-0.259491005215058
"SRX2675009",0.0198019801980198,6.8175,-4900,-0.259491005215058
"SRX2675009",0.0198019801980198,6.8175,-4850,-0.259491005215058
"SRX2675009",0.0198019801980198,6.8175,-4800,-0.259491005215058
"SRX2675009",0.0198019801980198,6.8175,-4750,-0.259491005215058
"SRX2675009",0.0198019801980198,6.8175,-4700,-0.259491005215058
"SRX2675009",0.0198019801980198,6.8175,-4650,-0.259491005215058
"SRX2675009",0.0198019801980198,6.8175,-4600,-0.259491005215058
"SRX2675009",0.0198019801980198,6.8175,-4550,-0.259491005215058
"SRX2675009",0.0198019801980198,6.8175,-4500,-0.259491005215058
"SRX2675009",0.0198019801980198,6.8175,-4450,-0.259491005215058
"SRX2675009",0.0198019801980198,6.8175,-4400,-0.259491005215058
"SRX2675009",0.0198019801980198,6.8175,-4350,-0.259491005215058
"SRX2675009",0.0198019801980198,6.8175,-4300,-0.259491005215058
"SRX2675009",0.0198019801980198,6.8175,-4250,-0.259491005215058
"SRX2675009",0.0198019801980198,6.8175,-4200,-0.259491005215058
"SRX2675009",0.0198019801980198,6.8175,-4150,-0.259491005215058
"SRX2675009",0.0198019801980198,6.8175,-4100,-0.259491005215058
"SRX2675009",0.0198019801980198,6.8175,-4050,-0.259491005215058
"SRX2675009",0.0198019801980198,6.8175,-4000,-0.259491005215058
"SRX2675009",0.0198019801980198,6.8175,-3950,-0.259491005215058
"SRX2675009",0.0198019801980198,6.8175,-3900,-0.259491005215058
"SRX2675009",0.0198019801980198,6.8175,-3850,-0.259491005215058
"SRX2675009",0.0198019801980198,6.8175,-3800,-0.259491005215058
"SRX2675009",0.0198019801980198,6.8175,-3750,-0.259491005215058
"SRX2675009",0.0198019801980198,6.8175,-3700,2.09951813310365
"SRX2675009",0.0198019801980198,6.8175,-3650,2.09951813310365
"SRX2675009",0.0198019801980198,6.8175,-3600,2.09951813310365
"SRX2675009",0.0198019801980198,6.8175,-3550,2.09951813310365
"SRX2675009",0.0198019801980198,6.8175,-3500,2.09951813310365
"SRX2675009",0.0198019801980198,6.8175,-3450,2.09951813310365
"SRX2675009",0.0198019801980198,6.8175,-3400,2.09951813310365
"SRX2675009",0.0198019801980198,6.8175,-3350,2.09951813310365
"SRX2675009",0.0198019801980198,6.8175,-3300,2.09951813310365
"SRX2675009",0.0198019801980198,6.8175,-3250,-0.259491005215058
"SRX2675009",0.0198019801980198,6.8175,-3200,-0.259491005215058
"SRX2675009",0.0198019801980198,6.8175,-3150,-0.259491005215058
"SRX2675009",0.0198019801980198,6.8175,-3100,-0.259491005215058
"SRX2675009",0.0198019801980198,6.8175,-3050,-0.259491005215058
"SRX2675009",0.0198019801980198,6.8175,-3000,-0.259491005215058
"SRX2675009",0.0198019801980198,6.8175,-2950,-0.259491005215058
"SRX2675009",0.0198019801980198,6.8175,-2900,-0.259491005215058
"SRX2675009",0.0198019801980198,6.8175,-2850,-0.259491005215058
"SRX2675009",0.0198019801980198,6.8175,-2800,-0.259491005215058
"SRX2675009",0.0198019801980198,6.8175,-2750,-0.259491005215058
"SRX2675009",0.0198019801980198,6.8175,-2700,-0.259491005215058
"SRX2675009",0.0198019801980198,6.8175,-2650,-0.259491005215058
"SRX2675009",0.0198019801980198,6.8175,-2600,-0.259491005215058
"SRX2675009",0.0198019801980198,6.8175,-2550,-0.259491005215058
"SRX2675009",0.0198019801980198,6.8175,-2500,-0.259491005215058
"SRX2675009",0.0198019801980198,6.8175,-2450,-0.259491005215058
"SRX2675009",0.0198019801980198,6.8175,-2400,-0.259491005215058
"SRX2675009",0.0198019801980198,6.8175,-2350,-0.259491005215058
"SRX2675009",0.0198019801980198,6.8175,-2300,-0.259491005215058
"SRX2675009",0.0198019801980198,6.8175,-2250,-0.259491005215058
"SRX2675009",0.0198019801980198,6.8175,-2200,-0.259491005215058
"SRX2675009",0.0198019801980198,6.8175,-2150,-0.259491005215058
"SRX2675009",0.0198019801980198,6.8175,-2100,-0.259491005215058
"SRX2675009",0.0198019801980198,6.8175,-2050,-0.259491005215058
"SRX2675009",0.0198019801980198,6.8175,-2000,-0.259491005215058
"SRX2675009",0.0198019801980198,6.8175,-1950,-0.259491005215058
"SRX2675009",0.0198019801980198,6.8175,-1900,-0.259491005215058
"SRX2675009",0.0198019801980198,6.8175,-1850,-0.259491005215058
"SRX2675009",0.0198019801980198,6.8175,-1800,-0.259491005215058
"SRX2675009",0.0198019801980198,6.8175,-1750,-0.259491005215058
"SRX2675009",0.0198019801980198,6.8175,-1700,-0.259491005215058
"SRX2675009",0.0198019801980198,6.8175,-1650,-0.259491005215058
"SRX2675009",0.0198019801980198,6.8175,-1600,-0.259491005215058
"SRX2675009",0.0198019801980198,6.8175,-1550,-0.259491005215058
"SRX2675009",0.0198019801980198,6.8175,-1500,-0.259491005215058
"SRX2675009",0.0198019801980198,6.8175,-1450,-0.259491005215058
"SRX2675009",0.0198019801980198,6.8175,-1400,-0.259491005215058
"SRX2675009",0.0198019801980198,6.8175,-1350,2.09951813310365
"SRX2675009",0.0198019801980198,6.8175,-1300,2.09951813310365
"SRX2675009",0.0198019801980198,6.8175,-1250,2.09951813310365
"SRX2675009",0.0198019801980198,6.8175,-1200,2.09951813310365
"SRX2675009",0.0198019801980198,6.8175,-1150,2.09951813310365
"SRX2675009",0.0198019801980198,6.8175,-1100,2.09951813310365
"SRX2675009",0.0198019801980198,6.8175,-1050,2.09951813310365
"SRX2675009",0.0198019801980198,6.8175,-1000,4.45852727142235
"SRX2675009",0.0198019801980198,6.8175,-950,4.45852727142235
"SRX2675009",0.0198019801980198,6.8175,-900,4.45852727142235
"SRX2675009",0.0198019801980198,6.8175,-850,4.45852727142235
"SRX2675009",0.0198019801980198,6.8175,-800,4.45852727142235
"SRX2675009",0.0198019801980198,6.8175,-750,4.45852727142235
"SRX2675009",0.0198019801980198,6.8175,-700,4.45852727142235
"SRX2675009",0.0198019801980198,6.8175,-650,6.81753640974106
"SRX2675009",0.0198019801980198,6.8175,-600,6.81753640974106
"SRX2675009",0.0198019801980198,6.8175,-550,6.81753640974106
"SRX2675009",0.0198019801980198,6.8175,-500,6.81753640974106
"SRX2675009",0.0198019801980198,6.8175,-450,6.81753640974106
"SRX2675009",0.0198019801980198,6.8175,-400,6.81753640974106
"SRX2675009",0.0198019801980198,6.8175,-350,6.81753640974106
"SRX2675009",0.0198019801980198,6.8175,-300,6.81753640974106
"SRX2675009",0.0198019801980198,6.8175,-250,6.81753640974106
"SRX2675009",0.0198019801980198,6.8175,-200,6.81753640974106
"SRX2675009",0.0198019801980198,6.8175,-150,6.81753640974106
"SRX2675009",0.0198019801980198,6.8175,-100,6.81753640974106
"SRX2675009",0.0198019801980198,6.8175,-50,6.81753640974106
"SRX2675009",0.0198019801980198,6.8175,0,6.81753640974106
"SRX2675009",0.0198019801980198,6.8175,50,6.81753640974106
"SRX2675009",0.0198019801980198,6.8175,100,6.81753640974106
"SRX2675009",0.0198019801980198,6.8175,150,6.81753640974106
"SRX2675009",0.0198019801980198,6.8175,200,6.81753640974106
"SRX2675009",0.0198019801980198,6.8175,250,6.81753640974106
"SRX2675009",0.0198019801980198,6.8175,300,6.81753640974106
"SRX2675009",0.0198019801980198,6.8175,350,6.81753640974106
"SRX2675009",0.0198019801980198,6.8175,400,4.45852727142235
"SRX2675009",0.0198019801980198,6.8175,450,2.09951813310365
"SRX2675009",0.0198019801980198,6.8175,500,2.09951813310365
"SRX2675009",0.0198019801980198,6.8175,550,2.09951813310365
"SRX2675009",0.0198019801980198,6.8175,600,2.09951813310365
"SRX2675009",0.0198019801980198,6.8175,650,2.09951813310365
"SRX2675009",0.0198019801980198,6.8175,700,2.09951813310365
"SRX2675009",0.0198019801980198,6.8175,750,2.09951813310365
"SRX2675009",0.0198019801980198,6.8175,800,2.09951813310365
"SRX2675009",0.0198019801980198,6.8175,850,2.09951813310365
"SRX2675009",0.0198019801980198,6.8175,900,2.09951813310365
"SRX2675009",0.0198019801980198,6.8175,950,2.09951813310365
"SRX2675009",0.0198019801980198,6.8175,1000,2.09951813310365
"SRX2675009",0.0198019801980198,6.8175,1050,2.09951813310365
"SRX2675009",0.0198019801980198,6.8175,1100,2.09951813310365
"SRX2675009",0.0198019801980198,6.8175,1150,-0.259491005215058
"SRX2675009",0.0198019801980198,6.8175,1200,-0.259491005215058
"SRX2675009",0.0198019801980198,6.8175,1250,-0.259491005215058
"SRX2675009",0.0198019801980198,6.8175,1300,-0.259491005215058
"SRX2675009",0.0198019801980198,6.8175,1350,-0.259491005215058
"SRX2675009",0.0198019801980198,6.8175,1400,-0.259491005215058
"SRX2675009",0.0198019801980198,6.8175,1450,-0.259491005215058
"SRX2675009",0.0198019801980198,6.8175,1500,-0.259491005215058
"SRX2675009",0.0198019801980198,6.8175,1550,-0.259491005215058
"SRX2675009",0.0198019801980198,6.8175,1600,-0.259491005215058
"SRX2675009",0.0198019801980198,6.8175,1650,-0.259491005215058
"SRX2675009",0.0198019801980198,6.8175,1700,-0.259491005215058
"SRX2675009",0.0198019801980198,6.8175,1750,-0.259491005215058
"SRX2675009",0.0198019801980198,6.8175,1800,-0.259491005215058
"SRX2675009",0.0198019801980198,6.8175,1850,-0.259491005215058
"SRX2675009",0.0198019801980198,6.8175,1900,-0.259491005215058
"SRX2675009",0.0198019801980198,6.8175,1950,-0.259491005215058
"SRX2675009",0.0198019801980198,6.8175,2000,-0.259491005215058
"SRX2675009",0.0198019801980198,6.8175,2050,-0.259491005215058
"SRX2675009",0.0198019801980198,6.8175,2100,-0.259491005215058
"SRX2675009",0.0198019801980198,6.8175,2150,-0.259491005215058
"SRX2675009",0.0198019801980198,6.8175,2200,-0.259491005215058
"SRX2675009",0.0198019801980198,6.8175,2250,-0.259491005215058
"SRX2675009",0.0198019801980198,6.8175,2300,-0.259491005215058
"SRX2675009",0.0198019801980198,6.8175,2350,-0.259491005215058
"SRX2675009",0.0198019801980198,6.8175,2400,2.09951813310365
"SRX2675009",0.0198019801980198,6.8175,2450,2.09951813310365
"SRX2675009",0.0198019801980198,6.8175,2500,2.09951813310365
"SRX2675009",0.0198019801980198,6.8175,2550,2.09951813310365
"SRX2675009",0.0198019801980198,6.8175,2600,2.09951813310365
"SRX2675009",0.0198019801980198,6.8175,2650,2.09951813310365
"SRX2675009",0.0198019801980198,6.8175,2700,2.09951813310365
"SRX2675009",0.0198019801980198,6.8175,2750,2.09951813310365
"SRX2675009",0.0198019801980198,6.8175,2800,2.09951813310365
"SRX2675009",0.0198019801980198,6.8175,2850,2.09951813310365
"SRX2675009",0.0198019801980198,6.8175,2900,2.09951813310365
"SRX2675009",0.0198019801980198,6.8175,2950,2.09951813310365
"SRX2675009",0.0198019801980198,6.8175,3000,4.45852727142235
"SRX2675009",0.0198019801980198,6.8175,3050,2.09951813310365
"SRX2675009",0.0198019801980198,6.8175,3100,2.09951813310365
"SRX2675009",0.0198019801980198,6.8175,3150,2.09951813310365
"SRX2675009",0.0198019801980198,6.8175,3200,2.09951813310365
"SRX2675009",0.0198019801980198,6.8175,3250,2.09951813310365
"SRX2675009",0.0198019801980198,6.8175,3300,2.09951813310365
"SRX2675009",0.0198019801980198,6.8175,3350,2.09951813310365
"SRX2675009",0.0198019801980198,6.8175,3400,2.09951813310365
"SRX2675009",0.0198019801980198,6.8175,3450,2.09951813310365
"SRX2675009",0.0198019801980198,6.8175,3500,2.09951813310365
"SRX2675009",0.0198019801980198,6.8175,3550,2.09951813310365
"SRX2675009",0.0198019801980198,6.8175,3600,2.09951813310365
"SRX2675009",0.0198019801980198,6.8175,3650,2.09951813310365
"SRX2675009",0.0198019801980198,6.8175,3700,2.09951813310365
"SRX2675009",0.0198019801980198,6.8175,3750,2.09951813310365
"SRX2675009",0.0198019801980198,6.8175,3800,2.09951813310365
"SRX2675009",0.0198019801980198,6.8175,3850,2.09951813310365
"SRX2675009",0.0198019801980198,6.8175,3900,2.09951813310365
"SRX2675009",0.0198019801980198,6.8175,3950,2.09951813310365
"SRX2675009",0.0198019801980198,6.8175,4000,2.09951813310365
"SRX2675009",0.0198019801980198,6.8175,4050,2.09951813310365
"SRX2675009",0.0198019801980198,6.8175,4100,2.09951813310365
"SRX2675009",0.0198019801980198,6.8175,4150,-0.259491005215058
"SRX2675009",0.0198019801980198,6.8175,4200,-0.259491005215058
"SRX2675009",0.0198019801980198,6.8175,4250,-0.259491005215058
"SRX2675009",0.0198019801980198,6.8175,4300,-0.259491005215058
"SRX2675009",0.0198019801980198,6.8175,4350,-0.259491005215058
"SRX2675009",0.0198019801980198,6.8175,4400,-0.259491005215058
"SRX2675009",0.0198019801980198,6.8175,4450,-0.259491005215058
"SRX2675009",0.0198019801980198,6.8175,4500,-0.259491005215058
"SRX2675009",0.0198019801980198,6.8175,4550,-0.259491005215058
"SRX2675009",0.0198019801980198,6.8175,4600,-0.259491005215058
"SRX2675009",0.0198019801980198,6.8175,4650,-0.259491005215058
"SRX2675009",0.0198019801980198,6.8175,4700,-0.259491005215058
"SRX2675009",0.0198019801980198,6.8175,4750,-0.259491005215058
"SRX2675009",0.0198019801980198,6.8175,4800,-0.259491005215058
"SRX2675009",0.0198019801980198,6.8175,4850,-0.259491005215058
"SRX2675009",0.0198019801980198,6.8175,4900,-0.259491005215058
"SRX2675009",0.0198019801980198,6.8175,4950,-0.259491005215058
"SRX2675009",0.0198019801980198,6.8175,5000,-0.259491005215058
