ENCSR563YGF	ENCFF969ZOK	pseudoreplicated_peaks	2020-11-12	H3K9me3-human	with nonobstructive coronary artery disease; 	released
ENCSR892MHG	ENCFF666OGH	pseudoreplicated_peaks	2020-11-11	H3K36me3-human	with nonobstructive coronary artery disease; 	released
ENCSR666FYM	ENCFF873VXC	pseudoreplicated_peaks	2020-11-12	H3K27me3-human	with nonobstructive coronary artery disease; 	released
ENCSR230IMS	ENCFF805YRQ	pseudoreplicated_peaks	2021-01-29	H3K27ac-human	liver tissue male adult (31 years)	released
ENCSR458WIH	ENCFF416SIL	pseudoreplicated_peaks	2021-01-29	H3K4me3-human	liver tissue male adult (31 years)	released
ENCSR266OIG	ENCFF100SGX	pseudoreplicated_peaks	2021-01-30	H3K27me3-human	liver tissue male adult (31 years)	released
ENCSR520BUX	ENCFF076NWH	pseudoreplicated_peaks	2021-01-29	H3K4me3-human	liver tissue male adult (78 years)	released
ENCSR460RHN	ENCFF342YOA	pseudoreplicated_peaks	2021-01-30	H3K36me3-human	liver tissue male adult (31 years)	released
ENCSR351DLF	ENCFF524VPY	pseudoreplicated_peaks	2021-01-30	H3K9me3-human	liver tissue male adult (31 years)	released
ENCSR904LIL	ENCFF210DQA	pseudoreplicated_peaks	2021-01-29	H3K27me3-human	liver tissue female adult (25 years)	released
ENCSR585KLQ	ENCFF050ODT	pseudoreplicated_peaks	2021-01-29	H3K36me3-human	liver tissue male adult (78 years)	released
ENCSR642HII	ENCFF452XJY	pseudoreplicated_peaks	2021-01-29	H3K4me1-human	liver tissue female adult (25 years)	released
ENCSR213DKS	ENCFF220MSF	pseudoreplicated_peaks	2021-01-30	H3K36me3-human	liver tissue female adult (25 years)	released
ENCSR111OHT	ENCFF953NPP	pseudoreplicated_peaks	2021-01-30	H3K4me1-human	liver tissue male adult (31 years)	released
ENCSR795VEN	ENCFF830ODB	pseudoreplicated_peaks	2020-12-11	H3K4me3-human	with nonobstructive coronary artery disease; 	released
ENCSR218ZMU	ENCFF625TWQ	pseudoreplicated_peaks	2020-11-12	H3K4me1-human	with nonobstructive coronary artery disease; 	released
ENCSR203RKZ	ENCFF872NIB	pseudoreplicated_peaks	2021-01-30	H3K4me1-human	liver tissue male adult (78 years)	released
ENCSR682MXX	ENCFF344IUW	pseudoreplicated_peaks	2021-01-29	H3K9ac-human	liver tissue female adult (25 years)	released
ENCSR489RQV	ENCFF093NPF	pseudoreplicated_peaks	2021-01-29	H3K9me3-human	liver tissue male adult (78 years)	released
ENCSR678LND	ENCFF193GDV	pseudoreplicated_peaks	2021-01-29	H3K27ac-human	liver tissue female adult (25 years)	released
ENCSR021BCU	ENCFF766JJU	pseudoreplicated_peaks	2021-01-30	H3K9ac-human	liver tissue male adult (31 years)	released
ENCSR275DXO	ENCFF977LFS	pseudoreplicated_peaks	2021-01-30	H3K27me3-human	liver tissue male adult (78 years)	released
ENCSR853JYB	ENCFF003IMJ	pseudoreplicated_peaks	2021-01-29	H3K9me3-human	liver tissue female adult (25 years)	released
ENCSR803JYI	ENCFF178DYP	pseudoreplicated_peaks	2021-01-29	H3K4me3-human	liver tissue female adult (25 years)	released
ENCSR458RRZ	ENCFF287VIA	pseudoreplicated_peaks	2020-10-19	H3K27ac-human	with nonobstructive coronary artery disease; 	released
