Annotation,Tissue,OR,Pvalue,rerun_nlogP,paper_ST5_nlogP
A549-all.twopass.merge150.wgt10.zgt2.wig.0,epithelium,2.36507749009773,1.58811292685554e-05,4.799118619184429,3.85896412663069
Adult_Th0_AllReps.30000000.twopass.merge150.wgt10.zgt2.wig.0,blood,3.3754389620738,1.6051755146665902e-09,8.794477473611941,7.93533778631414
AG04449-DS12319.twopass.merge150.wgt10.zgt2.wig.0,skin,2.74756001020881,2.29102332868875e-07,6.639970488519371,5.08879491762655
AG04450-DS12270.twopass.merge150.wgt10.zgt2.wig.0,lung,3.42185025559622,3.73368205409001e-10,9.42786266764922,7.04388006683156
AG09309-DS12352.twopass.merge150.wgt10.zgt2.wig.0,skin,2.58623954631033,1.14577114962597e-06,5.940902117429387,3.85909245406907
AG09319-DS12291.twopass.merge150.wgt10.zgt2.wig.0,gingival,3.0066056209205,1.75627681998856e-08,7.755407030617549,7.66011684118341
AG10803-DS12384.twopass.merge150.wgt10.zgt2.wig.0,skin,2.92659342463736,3.44727338305953e-08,7.462524273874839,6.91945552804206
AoAF-DS13523.twopass.merge150.wgt10.zgt2.wig.0,blood_vessel,3.11134882550657,6.442509234026021e-09,8.190944950303845,5.52202708154805
BE_2_C-DS14625.twopass.merge150.wgt10.zgt2.wig.0,brain,2.42318155733977,4.67393387671415e-06,5.3303174359706,2.77356134720187
BJ-DS10081.twopass.merge150.wgt10.zgt2.wig.0,skin,2.87393737199518,6.08101565363118e-08,7.216023878633556,6.38062285917408
CACO2-DS8235.twopass.merge150.wgt10.zgt2.wig.0,colon,2.72471531455223,1.53197064284171e-07,6.8147495570102095,5.15436114041416
CD14-DS18065.hg19.twopass.merge150.wgt10.zgt2.wig.0,blood,2.77012013936813,1.26833358497845e-07,6.896766507446389,4.45844559914572
CD20-DS17541.hg19.twopass.merge150.wgt10.zgt2.wig.0,blood,3.84697522872397,6.6196911901440694e-12,11.17916227000812,7.20558718212909
CD34-DS16814.hg19.twopass.merge150.wgt10.zgt2.wig.0,blood,3.10358983018986,6.50322701861238e-09,8.186871085111008,5.81367910179006
CMK-DS12393.twopass.merge150.wgt10.zgt2.wig.0,blood,3.12699663929416,5.3442019094907e-09,8.272117142126605,5.32238023296289
E_myoblast_AllReps.30000000.twopass.merge150.wgt10.zgt2.wig.0,muscle,2.72403313779891,2.31813383411608e-07,6.634861494282589,4.32829697090088
GM06990-DS7748.twopass.merge150.wgt10.zgt2.wig.0,blood,3.28040630707138,1.18738438421011e-09,8.925408666961228,6.73092854478596
GM12864-DS12431.twopass.merge150.wgt10.zgt2.wig.0,blood,3.06399863357854,1.03954711412202e-08,7.983155822888999,6.56426043281047
GM12865-DS12436.twopass.merge150.wgt10.zgt2.wig.0,blood,2.80064399044037,1.31753537138745e-07,6.880237716614709,3.71650769860738
GM12878-all.twopass.merge150.wgt10.zgt2.wig.0,blood,2.60174955583136,1.36968522977562e-06,5.863379227499294,4.51801536210765
HAc-DS14765.twopass.merge150.wgt10.zgt2.wig.0,cerebellar,3.34418973292369,1.4979457998465302e-09,8.824503900423881,7.07601658813953
HAEpiC-DS12663.twopass.merge150.wgt10.zgt2.wig.0,epithelium,3.59127533757125,1.11967933140784e-10,9.950906338526615,5.21557017984879
HAh-DS15192.twopass.merge150.wgt10.zgt2.wig.0,brain_hippocampus,3.63188047716493,3.1291921365805503e-10,9.504567769773312,5.31549739963217
HAsp-DS14790.twopass.merge150.wgt10.zgt2.wig.0,spinal_cord,3.69902754921203,3.70848218628e-10,9.430803802783744,5.30267986460539
HBMEC-DS13817.twopass.merge150.wgt10.zgt2.wig.0,blood_vessel,3.17742917720669,6.509922595116541e-09,8.186424175289506,5.024159952874
HCFaa-DS13480.twopass.merge150.wgt10.zgt2.wig.0,heart,2.8288103738397,1.32296706103563e-07,6.878450968653428,4.4215885452127
HCF-DS12501.twopass.merge150.wgt10.zgt2.wig.0,heart,3.4732586610536,2.39192280594221e-10,9.621252840358501,5.64053804769818
HCM-DS12599.twopass.merge150.wgt10.zgt2.wig.0,heart,4.03330782469913,3.00504642733499e-12,11.522148813851047,6.32990321341352
HConF-DS11642.twopass.merge150.wgt10.zgt2.wig.0,eye,3.46111259122709,2.8962506974470603e-10,9.538163848619362,6.72932161060328
HCPEpiC-DS12447.twopass.merge150.wgt10.zgt2.wig.0,epithelium,4.21160073264938,1.05082899732206e-12,11.978467951490074,8.7691643371215
HCT116-DS13551.twopass.merge150.wgt10.zgt2.wig.0,colon,2.32289249006956,1.99573696521187e-05,4.699896698562006,3.40888442449957
HEEpiC-DS12763.twopass.merge150.wgt10.zgt2.wig.0,epithelium,2.98996872777551,4.24890384906509e-08,7.371723096703599,5.49003247216425
Hela-all.twopass.merge150.wgt10.zgt2.wig.0,cervix,2.44567752174009,1.07431856103948e-05,4.968866920882612,3.67872382400761
HepG2-all.twopass.merge150.wgt10.zgt2.wig.0,liver,2.65453638156977,7.00310591282085e-07,6.154709305466112,4.77285732259212
HESC-all.twopass.merge150.wgt10.zgt2.wig.0,es_cell,2.34135404013415,3.14097896384313e-05,4.502934972203037,4.35169143867801
hESCT0-DS11909.twopass.merge150.wgt10.zgt2.wig.0,es_cell,1.78712980576251,0.0033172304999226,2.479224350196991,1.7446355216568
HFF-DS15115.twopass.merge150.wgt10.zgt2.wig.0,foreskin,4.05902053794962,3.78078966047129e-12,11.422417483398545,9.39976786709749
HFF_MyC-DS15079.twopass.merge150.wgt10.zgt2.wig.0,foreskin,3.23823168640237,4.486184863227251e-09,8.34812283431406,7.16779610713978
HGF-DS11752.twopass.merge150.wgt10.zgt2.wig.0,gingival,3.20001849923124,3.2960502524600203e-09,8.482006175555105,6.88680908631709
HIPEpiC-DS12684.twopass.merge150.wgt10.zgt2.wig.0,epithelium,3.80530446088073,3.70411707624806e-11,10.431315295001728,6.99392073809599
HL60-DS11809.twopass.merge150.wgt10.zgt2.wig.0,blood,3.46124760355885,2.58476883026065e-10,9.587578292118014,5.46849258605286
HMEC-all.twopass.merge150.wgt10.zgt2.wig.0,breast,2.23989875598812,6.76072929425699e-05,4.170006453261354,3.8709383927765
HMF-DS13363.twopass.merge150.wgt10.zgt2.wig.0,breast,3.25031498739396,1.8220052428032302e-09,8.73945037768287,6.7219822571117
HMVEC_dAd-DS12957.hg19.twopass.merge150.wgt10.zgt2.wig.0,blood_vessel,2.67312221034962,4.72965998435815e-07,6.325170079605694,5.58832705534395
HMVEC_dBlAd-DS13337.twopass.merge150.wgt10.zgt2.wig.0,blood_vessel,4.40163871748702,6.42134604078863e-14,13.192373925698579,9.64203500462263
HMVEC_dBlNeo-DS13242.twopass.merge150.wgt10.zgt2.wig.0,blood_vessel,4.09518580471022,1.2600408985878899e-12,11.899615358261189,7.48595192873787
HMVEC_dLyAd-DS13261.twopass.merge150.wgt10.zgt2.wig.0,blood_vessel,2.98537202515588,2.21310237119051e-08,7.654998496504348,5.5862698690184
HMVEC_dLyNeo-DS13150.twopass.merge150.wgt10.zgt2.wig.0,blood_vessel,3.06971980457731,9.11834299539233e-09,8.040084075414983,5.9615682492865
HMVEC_dNeo-DS12937.twopass.merge150.wgt10.zgt2.wig.0,blood_vessel,3.4804366872513,1.86836710072311e-10,9.728537788622644,6.77204664752688
HMVEC_LBl-DS13372.twopass.merge150.wgt10.zgt2.wig.0,blood_vessel,3.72324874258645,2.7151946311845e-11,10.56619903376581,6.40731615586089
HMVEC_LLy-DS13185.twopass.merge150.wgt10.zgt2.wig.0,blood_vessel,3.21335058790673,2.13528009514971e-09,8.670545148367635,6.24696062897852
HNPCEpiC-DS12467.twopass.merge150.wgt10.zgt2.wig.0,epithelium,3.80528523385603,3.48157837192161e-11,10.458223824210934,7.17176602754858
HPAEC-DS12916.hg19.twopass.merge150.wgt10.zgt2.wig.0,blood_vessel,3.45743928976718,4.89111501627884e-10,9.31059212447213,6.98227573075338
HPAF-DS13411.twopass.merge150.wgt10.zgt2.wig.0,blood_vessel,3.86457056218364,1.1777500447625499e-11,10.92894687058357,6.67766287788673
HPdLF-DS13573.twopass.merge150.wgt10.zgt2.wig.0,epithelium,3.18823255986741,3.0743273168300103e-09,8.51224989600168,6.23025788017156
HPF-DS13390.twopass.merge150.wgt10.zgt2.wig.0,lung,3.27788988023242,1.3089474445803e-09,8.883077790414085,7.64030072019946
HRCE-DS10666.twopass.merge150.wgt10.zgt2.wig.0,epithelium,2.87218099176545,7.6834168774251e-08,7.1144456027544125,4.7217035309232
HRE-DS10641.twopass.merge150.wgt10.zgt2.wig.0,epithelium,2.88833233172315,8.08782910777108e-08,7.0921680337691955,5.55930406228531
HRGEC-DS13716.twopass.merge150.wgt10.zgt2.wig.0,kidney,3.54251807951201,1.80946462873047e-10,9.742449902026529,5.9086085319981
HRPEpiC-DS12583.twopass.merge150.wgt10.zgt2.wig.0,epithelium,2.70114505720128,5.13733841192638e-07,6.289261825050154,4.17461618083302
HSMM-all.twopass.merge150.wgt10.zgt2.wig.0,muscle,2.56304369593844,6.04453167974609e-06,5.218637341913375,3.89217270779803
HSMM_D-all.twopass.merge150.wgt10.zgt2.wig.0,muscle,2.87955892173345,4.05044880579681e-07,6.392496852567557,4.5302411154911
hTH1-all.twopass.merge150.wgt10.zgt2.wig.0,blood,2.38204137327159,8.23598930149329e-06,5.084284226199884,4.05465718163936
hTH2-DS7842.twopass.merge150.wgt10.zgt2.wig.0,blood,3.55369519683931,1.00435886858656e-10,9.998111081215646,5.18446394781956
HUVEC-all.twopass.merge150.wgt10.zgt2.wig.0,blood_vessel,2.66044073610004,1.60256180023725e-06,5.795185213612889,4.8455256338727
HVMF-DS13981.twopass.merge150.wgt10.zgt2.wig.0,connective,3.28705811125428,1.3421266599010502e-09,8.872206496759862,5.57382355785472
Ishikawa_E_AllReps.30000000.twopass.merge150.wgt10.zgt2.wig.0,uterus,2.52337461301396,2.22028240134989e-06,5.653591783410678,3.5590861486851
Ishikawa_T_AllReps.30000000.twopass.merge150.wgt10.zgt2.wig.0,uterus,2.93667468969794,4.30401517958733e-08,7.366126205650359,4.59428088498893
Jurkat-DS12659.twopass.merge150.wgt10.zgt2.wig.0,blood,3.26566605129836,1.67629367304069e-09,8.775649894173304,5.14232809105155
K562-all.twopass.merge150.wgt10.zgt2.wig.0,blood,2.11769810857721,0.0001472837933847,3.8318450388384573,3.48563897601246
LNCap-all.twopass.merge150.wgt10.zgt2.wig.0,prostate,2.45582858232411,1.63148810890438e-05,4.787416087218449,3.98803166386575
MCF7-all.twopass.merge150.wgt10.zgt2.wig.0,breast,2.5567030222096,3.8857690790033e-06,5.410523011943771,4.38165993599582
NB4-DS12543.twopass.merge150.wgt10.zgt2.wig.0,blood,2.59688036754667,8.72822182730401e-07,6.059074224707771,3.97018356331485
NHA-DS12800.twopass.merge150.wgt10.zgt2.wig.0,nervous,3.56668240872629,1.6300429244361e-10,9.78780095903145,5.71565091998868
NHDF_Ad-DS12863.twopass.merge150.wgt10.zgt2.wig.0,skin,3.29253376189614,1.75308180499873e-09,8.756197817716467,6.60484058177651
NHDF_Neo-DS11923.twopass.merge150.wgt10.zgt2.wig.0,skin,2.81945676628486,1.07018802689015e-07,6.970539912158836,6.17161653364973
NHEK-all.twopass.merge150.wgt10.zgt2.wig.0,skin,2.04435191624582,0.0003101734033471,3.5083954446745858,4.40982307206158
NHLF-DS12829.twopass.merge150.wgt10.zgt2.wig.0,lung,3.40365204511712,6.15694643967722e-10,9.210634624393546,5.73050546857
NT2_D1-DS14575.hg19.twopass.merge150.wgt10.zgt2.wig.0,testis,2.99343074065687,5.45463582571861e-08,7.263234239422187,4.57964065136836
PANC1-DS9955.twopass.merge150.wgt10.zgt2.wig.0,pancreas,3.19164039356335,4.27732839802867e-09,8.368827404880763,5.36137915430422
PrEC-DS12098.hg19.twopass.merge150.wgt10.zgt2.wig.0,prostate,2.44892639358663,6.31299480271579e-06,5.199764568213084,4.51778098436122
RPTEC-DS14061.twopass.merge150.wgt10.zgt2.wig.0,epithelium,3.47126498572879,4.60939586341939e-10,9.336355992262558,6.68402149656864
RWPE_AllReps.30000000.twopass.merge150.wgt10.zgt2.wig.0,prostate,2.8526760941826,9.34003838835805e-08,7.029651338778707,4.34978857124798
SAEC-DS10518.twopass.merge150.wgt10.zgt2.wig.0,epithelium,3.5199401141623,3.72322968199635e-10,9.429080171800189,7.17452723739324
SkMC-DS11949.twopass.merge150.wgt10.zgt2.wig.0,muscle,3.78614234490887,1.65216198702964e-11,10.781947374313308,7.54279188384479
SK_N_MC-DS14408.twopass.merge150.wgt10.zgt2.wig.0,brain,3.27830135156939,2.5862633904255502e-09,8.58732724775284,5.23866466907297
SKNSH-DS8482.twopass.merge150.wgt10.zgt2.wig.0,brain,3.20238509188678,2.67666609797632e-09,8.57240580171213,4.43710860228797
WERI_Rb1-DS13681.twopass.merge150.wgt10.zgt2.wig.0,eye,1.87805486631163,0.0010900515855251,2.962552949051319,2.26050674734015
wgEncodeOpenChromDnase8988tAlnAllReps.30000000.twopass.merge150.wgt10.zgt2.wig.0,liver,3.29225013453202,1.2331379203491e-09,8.90898834700785,6.97896627246043
wgEncodeOpenChromDnaseAosmcSerumfreeAlnAllReps.30000000.twopass.merge150.wgt10.zgt2.wig.0,blood_vessel,3.09398783463216,1.32234235878132e-08,7.878656090024024,6.02201058370775
wgEncodeOpenChromDnaseChorionAlnAllReps.30000000.twopass.merge150.wgt10.zgt2.wig.0,fetal_membrane,2.9785932389699,1.82653918564701e-08,7.738371006218165,7.70367165707478
wgEncodeOpenChromDnaseCllAlnAllReps.30000000.twopass.merge150.wgt10.zgt2.wig.0,blood,1.81243658026737,0.0017947340817855,2.745999889909267,2.40676706617669
wgEncodeOpenChromDnaseFibroblAlnAllReps.30000000.twopass.merge150.wgt10.zgt2.wig.0,skin,2.83031462405377,1.86991598989594e-07,6.728177904663604,5.43214608138781
wgEncodeOpenChromDnaseFibropAlnAllReps.30000000.twopass.merge150.wgt10.zgt2.wig.0,skin,2.42772753247389,1.34637310860998e-05,4.8708345711995875,5.20061255371462
wgEncodeOpenChromDnaseGlioblaAlnAllReps.30000000.twopass.merge150.wgt10.zgt2.wig.0,brain,2.73014848017286,2.34085436169739e-07,6.630625605474119,4.816428025716
wgEncodeOpenChromDnaseGm12891AlnAllReps.30000000.twopass.merge150.wgt10.zgt2.wig.0,blood,2.73906006069016,1.24624323775754e-07,6.9043971851998895,4.26212736786125
wgEncodeOpenChromDnaseGm12892AlnAllReps.30000000.twopass.merge150.wgt10.zgt2.wig.0,blood,2.6672387935504,2.36549798634936e-07,6.626077417312196,4.40088777185207
wgEncodeOpenChromDnaseGm18507AlnAllReps.30000000.twopass.merge150.wgt10.zgt2.wig.0,blood,2.50398552502089,2.03467455593055e-06,5.691505045832572,5.89410617433758
wgEncodeOpenChromDnaseGm19238AlnAllReps.30000000.twopass.merge150.wgt10.zgt2.wig.0,blood,2.70114024611357,2.62990418710497e-07,6.580060073475864,5.0316594170675
wgEncodeOpenChromDnaseGm19239AlnAllReps.30000000.twopass.merge150.wgt10.zgt2.wig.0,blood,2.4983380483475,1.88439971879212e-06,5.724826969243313,5.27287471283569
wgEncodeOpenChromDnaseGm19240AlnAllReps.30000000.twopass.merge150.wgt10.zgt2.wig.0,blood,2.36554905000427,9.47731621185965e-06,5.023314628842876,3.88341368720486
wgEncodeOpenChromDnaseH9esAlnAllReps.30000000.twopass.merge150.wgt10.zgt2.wig.0,es_cell,3.38909150548629,6.76665856682481e-10,9.16962573666636,7.43788525457398
wgEncodeOpenChromDnaseHelas3Ifna4hAlnAllReps.30000000.twopass.merge150.wgt10.zgt2.wig.0,cervix,2.72278352244627,2.8335364776975e-07,6.547671192071095,4.43525268872799
wgEncodeOpenChromDnaseHepatocytesAlnAllReps.30000000.twopass.merge150.wgt10.zgt2.wig.0,liver,2.5407848342046,1.17957677141748e-06,5.928273788294314,6.88576687559593
wgEncodeOpenChromDnaseHpde6e6e7AlnAllReps.30000000.twopass.merge150.wgt10.zgt2.wig.0,pancreatic_duct,2.75044960749719,2.35829046649159e-07,6.6274027046584685,4.51099857652959
wgEncodeOpenChromDnaseHtr8AlnAllReps.30000000.twopass.merge150.wgt10.zgt2.wig.0,blastula,4.00480079822905,3.08706596581267e-12,11.51045409021912,6.93546987451825
wgEncodeOpenChromDnaseHuh75AlnAllReps.30000000.twopass.merge150.wgt10.zgt2.wig.0,liver,2.90166787956076,6.38598624478835e-08,7.194772021252094,6.11726914160434
wgEncodeOpenChromDnaseHuh7AlnAllReps.30000000.twopass.merge150.wgt10.zgt2.wig.0,liver,3.16971974144247,3.85406900592523e-09,8.414080513701258,7.82171430785568
wgEncodeOpenChromDnaseIpsAlnAllReps.30000000.twopass.merge150.wgt10.zgt2.wig.0,ips_cell,3.08248190741817,7.451736771954e-09,8.127742494691919,6.40919496681514
wgEncodeOpenChromDnaseLncapAndroAlnAllReps.30000000.twopass.merge150.wgt10.zgt2.wig.0,prostate,3.08215801811675,6.89143803644246e-09,8.161690144401993,5.80654973691765
wgEncodeOpenChromDnaseMcf7HypoxlacAlnAllReps.30000000.twopass.merge150.wgt10.zgt2.wig.0,breast,3.7416011628243,2.3823757429926298e-11,10.622989741493376,7.76564679181137
wgEncodeOpenChromDnaseMedulloAlnAllReps.30000000.twopass.merge150.wgt10.zgt2.wig.0,brain,2.0966633858971,0.000116197678774,3.934802547554226,2.7414105216507
wgEncodeOpenChromDnaseMelanoAlnAllReps.30000000.twopass.merge150.wgt10.zgt2.wig.0,skin,2.46984349176727,1.76444971187351e-05,4.753390714842727,4.04673758829782
wgEncodeOpenChromDnaseMyometrAlnAllReps.30000000.twopass.merge150.wgt10.zgt2.wig.0,myometrium,2.97512951361806,3.50448916996532e-08,7.455375277792455,5.14565453960278
wgEncodeOpenChromDnaseOsteoblAlnAllReps.30000000.twopass.merge150.wgt10.zgt2.wig.0,bone,2.55613825117319,2.23302236643723e-06,5.651106926918879,5.71920672122697
wgEncodeOpenChromDnasePanisdAlnAllReps.30000000.twopass.merge150.wgt10.zgt2.wig.0,pancreas,3.27058774435345,1.00688938160485e-08,7.997018239076412,7.14916719988996
wgEncodeOpenChromDnasePanisletsAlnAllReps.30000000.twopass.merge150.wgt10.zgt2.wig.0,pancreas,2.11174760849041,9.11419574873274e-05,4.040281648160686,2.6532456980699
wgEncodeOpenChromDnasePhteAlnAllReps.30000000.twopass.merge150.wgt10.zgt2.wig.0,epithelium,2.83555736946949,2.37209110872766e-07,6.624868634339061,6.60370108457553
wgEncodeOpenChromDnaseProgfibAlnAllReps.30000000.twopass.merge150.wgt10.zgt2.wig.0,skin,2.96788649883939,5.55670707833517e-08,7.255182496433202,4.80702636679314
wgEncodeOpenChromDnaseStellateAlnAllReps.30000000.twopass.merge150.wgt10.zgt2.wig.0,liver,3.40032510446014,6.35999444066309e-10,9.196543263972718,7.48413733602473
wgEncodeOpenChromDnaseT47dAlnAllReps.30000000.twopass.merge150.wgt10.zgt2.wig.0,breast,3.28849075713738,1.5866209119622101e-09,8.799526825929116,8.25226820065838
wgEncodeOpenChromDnaseUrotsaAlnAllReps.30000000.twopass.merge150.wgt10.zgt2.wig.0,urothelium,3.63601139010702,7.95327603829606e-11,10.09945394401168,8.0391681439953
wgEncodeOpenChromDnaseUrotsaUt189AlnAllReps.30000000.twopass.merge150.wgt10.zgt2.wig.0,urothelium,2.80289900708409,1.42697112642151e-07,6.845584814385475,4.48164233013869
WI_38-DS14315.twopass.merge150.wgt10.zgt2.wig.0,embryonic_lung,3.89071147267469,4.8393065383507095e-12,11.315216867311147,8.5884542023727
WI_38_TAM-DS14323.twopass.merge150.wgt10.zgt2.wig.0,embryonic_lung,4.14293100019081,1.38385443601148e-12,11.85890958976489,8.57079527787679
UW.Breast_vHMEC.ChromatinAccessibility.RM035.DS18406.twopass.merge150.wgt10.zgt2.wig.0,breast,3.6604171165459,8.66889998548291e-11,10.062036007546117,7.6964305796041
UW.Breast_vHMEC.ChromatinAccessibility.RM035.DS18438.twopass.merge150.wgt10.zgt2.wig.0,breast,3.40263975240756,7.54711442164022e-10,9.122219065629343,6.80211226730642
UW.CD14_Primary_Cells.ChromatinAccessibility.RO_01689.DS17391.twopass.merge150.wgt10.zgt2.wig.0,blood,2.34100789974407,1.31148578119829e-05,4.882236413560548,3.17415423168579
UW.CD14_Primary_Cells.ChromatinAccessibility.RO_01701.DS17889.twopass.merge150.wgt10.zgt2.wig.0,blood,2.19488026698777,6.29230297882736e-05,4.201190373959602,3.20910356623293
UW.CD19_Primary_Cells.ChromatinAccessibility.RO_01679.DS17186.twopass.merge150.wgt10.zgt2.wig.0,blood,2.70849410375084,3.29392312713945e-07,6.48228654051803,4.37394313552978
UW.CD19_Primary_Cells.ChromatinAccessibility.RO_01689.DS17281.twopass.merge150.wgt10.zgt2.wig.0,blood,3.06505714564096,9.174537124257021e-09,8.037415837642845,4.42807430841561
UW.CD19_Primary_Cells.ChromatinAccessibility.RO_01701.DS17440.twopass.merge150.wgt10.zgt2.wig.0,blood,3.66174750227918,4.08656046375677e-11,10.388642070981897,6.2990301779009
UW.CD20_Primary_Cells.ChromatinAccessibility.RO_01778.DS17371.twopass.merge150.wgt10.zgt2.wig.0,blood,2.74657929252291,3.08540662898211e-07,6.51068759173263,5.02127720248528
UW.CD3_Primary_Cells.ChromatinAccessibility.CB1_1-3-2011.DS17702.twopass.merge150.wgt10.zgt2.wig.0,blood,3.35659652445579,8.66017411006956e-10,9.062473376541275,6.75738593897495
UW.CD3_Primary_Cells.ChromatinAccessibility.CB6_1-4-2011.DS17706.twopass.merge150.wgt10.zgt2.wig.0,blood,2.86814366987667,7.84727579331809e-08,7.105281083798135,4.1044084838196
UW.CD3_Primary_Cells.ChromatinAccessibility.RO_01679.DS17198.twopass.merge150.wgt10.zgt2.wig.0,blood,3.35465242037439,7.8406461117649e-10,9.105648147620117,5.84892760560558
UW.CD3_Primary_Cells.ChromatinAccessibility.RO_01701.DS17534.twopass.merge150.wgt10.zgt2.wig.0,blood,3.98956395325876,1.87099485919834e-12,11.72792740577891,7.31472288391994
UW.CD4_Primary_Cells.ChromatinAccessibility.RO_01549.DS15947.twopass.merge150.wgt10.zgt2.wig.0,blood,3.02524867210898,2.30262231500095e-08,7.637777290851392,3.94724811389834
UW.CD4_Primary_Cells.ChromatinAccessibility.RO_01679.DS17212.twopass.merge150.wgt10.zgt2.wig.0,blood,3.15520150312163,4.07427919285336e-09,8.389949213980659,4.5820074075536
UW.CD4_Primary_Cells.ChromatinAccessibility.RO_01689.DS17329.twopass.merge150.wgt10.zgt2.wig.0,blood,3.45305105837871,1.9998772720279e-10,9.698996655194257,5.06273724051909
UW.CD4_Primary_Cells.ChromatinAccessibility.RO_01701.DS17881.twopass.merge150.wgt10.zgt2.wig.0,blood,3.65315720070718,3.35806428351074e-11,10.473910994407984,7.00283056153138
UW.CD56_Primary_Cells.ChromatinAccessibility.RO_01679.DS17189.twopass.merge150.wgt10.zgt2.wig.0,blood,3.07543464499824,1.43500092322342e-08,7.84314781952183,3.70745022699474
UW.CD56_Primary_Cells.ChromatinAccessibility.RO_01701.DS17443.twopass.merge150.wgt10.zgt2.wig.0,blood,3.13422267248103,5.62043454107074e-09,8.250230105873351,6.4060543140242
UW.CD8_Primary_Cells.ChromatinAccessibility.RO_01549.DS16012.twopass.merge150.wgt10.zgt2.wig.0,blood,3.08206615736987,8.16239137508099e-09,8.088182585259514,3.80016921370289
UW.CD8_Primary_Cells.ChromatinAccessibility.RO_01679.DS17203.twopass.merge150.wgt10.zgt2.wig.0,blood,3.96856849432756,2.70607124711653e-12,11.567660773214293,6.91158053860616
UW.CD8_Primary_Cells.ChromatinAccessibility.RO_01689.DS17332.twopass.merge150.wgt10.zgt2.wig.0,blood,2.9866356205926,2.58283931964607e-08,7.587902610768855,5.47529339969066
UW.CD8_Primary_Cells.ChromatinAccessibility.RO_01701.DS17885.twopass.merge150.wgt10.zgt2.wig.0,blood,3.73739622354989,2.36023803539567e-11,10.627044195230853,6.24128609587043
UW.Fetal_Adrenal_Gland.ChromatinAccessibility.H-22662.DS12528.twopass.merge150.wgt10.zgt2.wig.0,fetal_adrenal_gland,3.3786984530219,1.4407296576661802e-09,8.841417503709609,5.41010024117492
UW.Fetal_Adrenal_Gland.ChromatinAccessibility.H-23769.DS17319.twopass.merge150.wgt10.zgt2.wig.0,fetal_adrenal_gland,2.81241327336266,1.66097418000577e-07,6.779637118643231,3.69796289423798
UW.Fetal_Adrenal_Gland.ChromatinAccessibility.H-24409.DS20343.twopass.merge150.wgt10.zgt2.wig.0,fetal_adrenal_gland,2.54861140667762,2.66210339540191e-06,5.5747750806492995,3.17499735058278
UW.Fetal_Brain.ChromatinAccessibility.H-22510.DS11872.twopass.merge150.wgt10.zgt2.wig.0,fetal_brain,1.95761783051555,0.0005436634251632,3.264669883080856,1.59241110896125
UW.Fetal_Brain.ChromatinAccessibility.H-22510.DS11877.twopass.merge150.wgt10.zgt2.wig.0,fetal_brain,1.86360939922272,0.0013731380599679,2.862285795124567,1.23752128351509
UW.Fetal_Brain.ChromatinAccessibility.H-22911.DS14464.twopass.merge150.wgt10.zgt2.wig.0,fetal_brain,2.10912792152301,0.0001237811144811,3.907345611392656,1.51027668980882
UW.Fetal_Brain.ChromatinAccessibility.H-23266.DS14717.twopass.merge150.wgt10.zgt2.wig.0,fetal_brain,1.84222638511829,0.0017174846849595,2.76510712691309,1.69179999965006
UW.Fetal_Brain.ChromatinAccessibility.H-23266.DS14718.twopass.merge150.wgt10.zgt2.wig.0,fetal_brain,1.94749849774329,0.0005666945454191,3.2466509675345874,2.57639716453016
UW.Fetal_Brain.ChromatinAccessibility.H-23284.DS14803.twopass.merge150.wgt10.zgt2.wig.0,fetal_brain,2.36192521323859,9.65604224444238e-06,5.015200842901585,1.68729833519262
UW.Fetal_Brain.ChromatinAccessibility.H-23284.DS14815.twopass.merge150.wgt10.zgt2.wig.0,fetal_brain,2.1314387240822,9.29244626498922e-05,4.031869941600129,1.77263442930342
UW.Fetal_Brain.ChromatinAccessibility.H-23399.DS15453.twopass.merge150.wgt10.zgt2.wig.0,fetal_brain,2.2162856320959,6.00730938377032e-05,4.221320000780423,1.71382055876863
UW.Fetal_Brain.ChromatinAccessibility.H-23548.DS16302.twopass.merge150.wgt10.zgt2.wig.0,fetal_brain,2.24719366963432,3.91113528412471e-05,4.407697161768985,1.42662808454446
UW.Fetal_Brain.ChromatinAccessibility.H-24279.DS20221.twopass.merge150.wgt10.zgt2.wig.0,fetal_brain,1.95807622880367,0.0005851523076512,3.2327310779123595,1.86784325917156
UW.Fetal_Brain.ChromatinAccessibility.H-24297.DS20226.twopass.merge150.wgt10.zgt2.wig.0,fetal_brain,1.90574245070967,0.0008211479503916,3.0855785867906302,0.680281886116912
UW.Fetal_Brain.ChromatinAccessibility.H-24381.DS20231.twopass.merge150.wgt10.zgt2.wig.0,fetal_brain,1.66903319684888,0.0082955745813108,2.0811535278010966,0.471636903321462
UW.Fetal_Heart.ChromatinAccessibility.H-22662.DS12531.twopass.merge150.wgt10.zgt2.wig.0,fetal_heart,3.17345270644033,2.42508402151371e-09,8.615273209866821,5.38245817355113
UW.Fetal_Heart.ChromatinAccessibility.H-22727.DS12810.twopass.merge150.wgt10.zgt2.wig.0,fetal_heart,2.935495132511,4.29993726654841e-08,7.366537880464739,4.27964848003457
UW.Fetal_Heart.ChromatinAccessibility.H-23468.DS15839.twopass.merge150.wgt10.zgt2.wig.0,fetal_heart,2.80703686957445,2.1314632668408e-07,6.671322147485912,5.2066889393765
UW.Fetal_Heart.ChromatinAccessibility.H-23500.DS16018.twopass.merge150.wgt10.zgt2.wig.0,fetal_heart,2.73855766384853,2.07660013046455e-07,6.682647123037228,4.98752787297183
UW.Fetal_Heart.ChromatinAccessibility.H-23524.DS16146.twopass.merge150.wgt10.zgt2.wig.0,fetal_heart,4.19526802197839,2.2485345773514198e-12,11.648100429582605,7.44810699552082
UW.Fetal_Heart.ChromatinAccessibility.H-23589.DS16500.twopass.merge150.wgt10.zgt2.wig.0,fetal_heart,3.1785699586638,7.3032203883597805e-09,8.136485593511042,4.15889085320902
UW.Fetal_Heart.ChromatinAccessibility.H-23604.DS16582.twopass.merge150.wgt10.zgt2.wig.0,fetal_heart,2.78252506004082,1.4031232262948e-07,6.852904186313192,4.80761769365721
UW.Fetal_Heart.ChromatinAccessibility.H-23617.DS16621.twopass.merge150.wgt10.zgt2.wig.0,fetal_heart,3.30753200632037,1.3528148943842101e-09,8.868761623836345,6.42915013046072
UW.Fetal_Heart.ChromatinAccessibility.H-23663.DS16819.twopass.merge150.wgt10.zgt2.wig.0,fetal_heart,2.9907264163177,2.30096325345892e-08,7.6380903169886585,4.47842763342316
UW.Fetal_Heart.ChromatinAccessibility.H-23744.DS19431.twopass.merge150.wgt10.zgt2.wig.0,fetal_heart,3.02331119012657,1.71030485971296e-08,7.766926470256721,5.20217719636974
UW.Fetal_Heart.ChromatinAccessibility.H-24042.DS19427.twopass.merge150.wgt10.zgt2.wig.0,fetal_heart,2.98785294921284,2.61302736977066e-08,7.5828560412952095,5.27414749764457
UW.Fetal_Intestine_Large.ChromatinAccessibility.H-23500.DS16027.twopass.merge150.wgt10.zgt2.wig.0,"fetal_intestine,_large",2.96706799339377,3.44796432460793e-08,7.462437236381568,6.02945587135111
UW.Fetal_Intestine_Large.ChromatinAccessibility.H-23524.DS16164.twopass.merge150.wgt10.zgt2.wig.0,"fetal_intestine,_large",3.00024467711646,2.4125123101082e-08,7.617530461943373,5.52990381584078
UW.Fetal_Intestine_Large.ChromatinAccessibility.H-23604.DS16563.twopass.merge150.wgt10.zgt2.wig.0,"fetal_intestine,_large",3.17568531700782,6.82522181933614e-09,8.165883229510912,6.09230906395521
UW.Fetal_Intestine_Large.ChromatinAccessibility.H-23744.DS17094.twopass.merge150.wgt10.zgt2.wig.0,"fetal_intestine,_large",3.18706933749083,7.033055888609631e-09,8.152855931425165,5.1629900697808
UW.Fetal_Intestine_Large.ChromatinAccessibility.H-23758.DS17157.twopass.merge150.wgt10.zgt2.wig.0,"fetal_intestine,_large",2.35721202916678,1.14840340822808e-05,4.9399055272758,4.3033393728455
UW.Fetal_Intestine_Large.ChromatinAccessibility.H-23769.DS17313.twopass.merge150.wgt10.zgt2.wig.0,"fetal_intestine,_large",2.67517105453119,5.22023792131832e-07,6.282309702828971,4.51105399001239
UW.Fetal_Intestine_Large.ChromatinAccessibility.H-23808.DS17422.twopass.merge150.wgt10.zgt2.wig.0,"fetal_intestine,_large",3.02791192873811,1.99617051763449e-08,7.699802362996211,5.99447390566289
UW.Fetal_Intestine_Large.ChromatinAccessibility.H-23833.DS17462.twopass.merge150.wgt10.zgt2.wig.0,"fetal_intestine,_large",2.98289153809083,4.31829562024744e-08,7.364687630216796,4.96539120443287
UW.Fetal_Intestine_Large.ChromatinAccessibility.H-23855.DS17502.twopass.merge150.wgt10.zgt2.wig.0,"fetal_intestine,_large",3.52010897138077,1.32868054439964e-10,9.876579424235242,4.97302438837126
UW.Fetal_Intestine_Large.ChromatinAccessibility.H-23887.DS17647.twopass.merge150.wgt10.zgt2.wig.0,"fetal_intestine,_large",2.42322713938577,7.10837966613019e-06,5.148229384116337,3.95272805646245
UW.Fetal_Intestine_Large.ChromatinAccessibility.H-23914.DS17748.twopass.merge150.wgt10.zgt2.wig.0,"fetal_intestine,_large",3.0181862922326,1.80498436779222e-08,7.743526554983242,5.9499520852929
UW.Fetal_Intestine_Large.ChromatinAccessibility.H-23941.DS17785.twopass.merge150.wgt10.zgt2.wig.0,"fetal_intestine,_large",2.33981022716656,1.28099886141385e-05,4.892451256267727,4.11932637965045
UW.Fetal_Intestine_Large.ChromatinAccessibility.H-23964.DS17841.twopass.merge150.wgt10.zgt2.wig.0,"fetal_intestine,_large",2.52355065904856,5.05635368320351e-06,5.2961625555145595,4.3598540708456
UW.Fetal_Intestine_Large.ChromatinAccessibility.H-24005.DS17990.twopass.merge150.wgt10.zgt2.wig.0,"fetal_intestine,_large",2.99314727449644,2.9382558100936e-08,7.5319103964028855,4.64371182820857
UW.Fetal_Intestine_Large.ChromatinAccessibility.H-24111.DS18499.twopass.merge150.wgt10.zgt2.wig.0,"fetal_intestine,_large",2.91417999126407,8.03880784181621e-08,7.094808352509007,5.3075962777362
UW.Fetal_Intestine_Small.ChromatinAccessibility.H-23604.DS16559.twopass.merge150.wgt10.zgt2.wig.0,"fetal_intestine,_small",2.50701912780691,2.99618470198833e-06,5.523431417747664,3.99483123942678
UW.Fetal_Intestine_Small.ChromatinAccessibility.H-23640.DS16712.twopass.merge150.wgt10.zgt2.wig.0,"fetal_intestine,_small",2.72596198134709,2.99803565913402e-07,6.523163205886327,5.32129753939195
UW.Fetal_Intestine_Small.ChromatinAccessibility.H-23663.DS16822.twopass.merge150.wgt10.zgt2.wig.0,"fetal_intestine,_small",2.64205585316238,8.81067834058956e-07,6.05499065364994,2.87913797248126
UW.Fetal_Intestine_Small.ChromatinAccessibility.H-23724.DS16975.twopass.merge150.wgt10.zgt2.wig.0,"fetal_intestine,_small",2.87390535447047,8.6219719191432e-08,7.064393395931332,5.988890470671
UW.Fetal_Intestine_Small.ChromatinAccessibility.H-23744.DS17092.twopass.merge150.wgt10.zgt2.wig.0,"fetal_intestine,_small",2.85823263317934,8.30845685672337e-08,7.080479630950264,4.54868141576924
UW.Fetal_Intestine_Small.ChromatinAccessibility.H-23758.DS17150.twopass.merge150.wgt10.zgt2.wig.0,"fetal_intestine,_small",2.71344099633702,3.9450492872538e-07,6.403947566586718,4.31648839866952
UW.Fetal_Intestine_Small.ChromatinAccessibility.H-23769.DS17317.twopass.merge150.wgt10.zgt2.wig.0,"fetal_intestine,_small",2.63695378814025,7.96136292477546e-07,6.099012577985819,3.87186399950552
UW.Fetal_Intestine_Small.ChromatinAccessibility.H-23808.DS17425.twopass.merge150.wgt10.zgt2.wig.0,"fetal_intestine,_small",3.53957463937049,8.333539255215439e-11,10.079170514491764,7.36086194409792
UW.Fetal_Intestine_Small.ChromatinAccessibility.H-23864.DS17844.twopass.merge150.wgt10.zgt2.wig.0,"fetal_intestine,_small",2.46840338637154,4.15657081838607e-06,5.381264815722107,3.54469579567334
UW.Fetal_Intestine_Small.ChromatinAccessibility.H-23887.DS17643.twopass.merge150.wgt10.zgt2.wig.0,"fetal_intestine,_small",3.11067541842588,1.54567649351312e-08,7.810881397729429,6.51969460836292
UW.Fetal_Intestine_Small.ChromatinAccessibility.H-23914.DS17763.twopass.merge150.wgt10.zgt2.wig.0,"fetal_intestine,_small",2.62428099947993,8.46007817525468e-07,6.07262562384929,3.33003233237347
UW.Fetal_Intestine_Small.ChromatinAccessibility.H-23941.DS17808.twopass.merge150.wgt10.zgt2.wig.0,"fetal_intestine,_small",3.1705063984513,8.84782538771696e-09,8.053163456778446,6.11812225760383
UW.Fetal_Intestine_Small.ChromatinAccessibility.H-24111.DS18495.twopass.merge150.wgt10.zgt2.wig.0,"fetal_intestine,_small",2.42093293565235,5.95642240776568e-06,5.225014511246118,3.39423408685011
UW.Fetal_Kidney.ChromatinAccessibility.H-22337.DS10986.twopass.merge150.wgt10.zgt2.wig.0,fetal_kidney,3.66914488938807,9.477799095752869e-11,10.023292501432215,8.20681248063917
UW.Fetal_Kidney.ChromatinAccessibility.H-22676.DS12635.twopass.merge150.wgt10.zgt2.wig.0,fetal_kidney,2.79282223225141,1.35100964722656e-07,6.869341549777154,5.62310161331146
UW.Fetal_Kidney.ChromatinAccessibility.H-23524.DS16139.twopass.merge150.wgt10.zgt2.wig.0,fetal_kidney,2.78802700659223,9.16200579064057e-07,6.038009438073748,4.82823422404171
UW.Fetal_Kidney.ChromatinAccessibility.H-23663.DS16837.twopass.merge150.wgt10.zgt2.wig.0,fetal_kidney,2.76292190106176,3.26235446455777e-07,6.486468853339263,5.44461266105364
UW.Fetal_Kidney.ChromatinAccessibility.H-23855.DS17522.twopass.merge150.wgt10.zgt2.wig.0,fetal_kidney,2.21082675338365,7.84830703428237e-05,4.105224015224656,3.23772418369062
UW.Fetal_Kidney.ChromatinAccessibility.H-23914.DS17753.twopass.merge150.wgt10.zgt2.wig.0,fetal_kidney,2.75489058085484,1.89195899628325e-07,6.723088280133428,5.18351001515964
UW.Fetal_Kidney.ChromatinAccessibility.H-24507.DS20564.twopass.merge150.wgt10.zgt2.wig.0,fetal_kidney,2.55251340624056,1.93944547138311e-06,5.712322426329626,4.19424063857138
UW.Fetal_Kidney_Left.ChromatinAccessibility.H-23589.DS16446.twopass.merge150.wgt10.zgt2.wig.0,fetal_kidney,2.07343738126066,0.0001881394944372,3.725520027332607,2.98875543553588
UW.Fetal_Kidney_Left.ChromatinAccessibility.H-23604.DS16579.twopass.merge150.wgt10.zgt2.wig.0,fetal_kidney,2.72930085805976,6.08943480849279e-07,6.215423014582827,5.62852091671014
UW.Fetal_Kidney_Left.ChromatinAccessibility.H-23640.DS16805.twopass.merge150.wgt10.zgt2.wig.0,fetal_kidney,2.61305386197427,8.15560905263949e-07,6.088543600739748,4.52667653546156
UW.Fetal_Kidney_Left.ChromatinAccessibility.H-23758.DS17140.twopass.merge150.wgt10.zgt2.wig.0,fetal_kidney,2.49539849721165,2.86836430661931e-06,5.54236569041475,4.73880797239368
UW.Fetal_Kidney_Left.ChromatinAccessibility.H-24089.DS18466.twopass.merge150.wgt10.zgt2.wig.0,fetal_kidney,2.88856894286668,1.26263102671386e-07,6.898723542931156,4.67303673378105
UW.Fetal_Kidney_Right.ChromatinAccessibility.H-23435.DS15651.twopass.merge150.wgt10.zgt2.wig.0,fetal_kidney,2.18844049701701,7.00755138610261e-05,4.1544337088914025,3.47432198265123
UW.Fetal_Kidney_Right.ChromatinAccessibility.H-23589.DS16441.twopass.merge150.wgt10.zgt2.wig.0,fetal_kidney,2.23131958507117,5.20013055898636e-05,4.28398575245452,3.93613045756356
UW.Fetal_Kidney_Right.ChromatinAccessibility.H-23640.DS16801.twopass.merge150.wgt10.zgt2.wig.0,fetal_kidney,2.43725700259719,7.86680667848437e-06,5.1042015221963295,4.27668639329372
UW.Fetal_Kidney_Right.ChromatinAccessibility.H-23758.DS17144.twopass.merge150.wgt10.zgt2.wig.0,fetal_kidney,2.35918636510948,1.03281427294754e-05,4.985977768979896,3.72271028302015
UW.Fetal_Kidney_Right.ChromatinAccessibility.H-24089.DS18463.twopass.merge150.wgt10.zgt2.wig.0,fetal_kidney,2.03549090781073,0.0003184483170878,3.4969610418997306,3.40489808725233
UW.Fetal_Lung.ChromatinAccessibility.H-22676.DS12646.twopass.merge150.wgt10.zgt2.wig.0,fetal_lung,3.27807247461673,1.2680924824025601e-09,8.8968490720596,6.95389263867381
UW.Fetal_Lung.ChromatinAccessibility.H-22727.DS12817.twopass.merge150.wgt10.zgt2.wig.0,fetal_lung,2.58463480478089,1.76887793699071e-06,5.752302134936734,4.81556142476511
UW.Fetal_Lung.ChromatinAccessibility.H-22934B.DS13507.twopass.merge150.wgt10.zgt2.wig.0,fetal_lung,2.79941369320138,2.21058116179482e-07,6.655493535283077,4.17764376601489
UW.Fetal_Lung.ChromatinAccessibility.H-23090.DS13985.twopass.merge150.wgt10.zgt2.wig.0,fetal_lung,2.61847478978166,1.30439672080814e-06,5.884590301660561,4.73240145543544
UW.Fetal_Lung.ChromatinAccessibility.H-23247.DS14666.twopass.merge150.wgt10.zgt2.wig.0,fetal_lung,3.18164184745563,6.329021430905531e-09,8.198663433744278,7.83373233853714
UW.Fetal_Lung.ChromatinAccessibility.H-23266.DS14724.twopass.merge150.wgt10.zgt2.wig.0,fetal_lung,2.68097802114847,4.69134628751994e-07,6.32870250881186,4.59251170746591
UW.Fetal_Lung.ChromatinAccessibility.H-23266.DS14751.twopass.merge150.wgt10.zgt2.wig.0,fetal_lung,2.64440718490029,8.5027408814529e-07,6.070441055719388,3.9015284212924
UW.Fetal_Lung.ChromatinAccessibility.H-23284.DS14809.twopass.merge150.wgt10.zgt2.wig.0,fetal_lung,2.51186911482186,1.96403735023356e-06,5.706850257462463,4.33523583890379
UW.Fetal_Lung.ChromatinAccessibility.H-23284.DS14820.twopass.merge150.wgt10.zgt2.wig.0,fetal_lung,2.75446404247489,2.56923455168664e-07,6.590196246121604,5.08236020841653
UW.Fetal_Lung.ChromatinAccessibility.H-23365.DS15227.twopass.merge150.wgt10.zgt2.wig.0,fetal_lung,3.21097206591838,5.046322923906361e-09,8.29702496159029,5.45929525023976
UW.Fetal_Lung.ChromatinAccessibility.H-23399.DS15461.twopass.merge150.wgt10.zgt2.wig.0,fetal_lung,2.69015799440157,7.56213619924042e-07,6.121355504962655,5.16529993149855
UW.Fetal_Lung.ChromatinAccessibility.H-23419.DS15573.twopass.merge150.wgt10.zgt2.wig.0,fetal_lung,2.73630698618508,4.74381021092595e-07,6.323872694432236,5.16041688241076
UW.Fetal_Lung_Left.ChromatinAccessibility.H-23435.DS15637.twopass.merge150.wgt10.zgt2.wig.0,fetal_lung,3.17288866082218,1.0146270119034e-08,7.993693579861671,6.12873464906403
UW.Fetal_Lung_Left.ChromatinAccessibility.H-23604.DS16570.twopass.merge150.wgt10.zgt2.wig.0,fetal_lung,2.8329451629042,1.97044195879636e-07,6.705436353158545,4.79891856397629
UW.Fetal_Lung_Left.ChromatinAccessibility.H-23640.DS18170.twopass.merge150.wgt10.zgt2.wig.0,fetal_lung,2.68396382145736,6.61543353572957e-07,6.179441689495303,4.60173891737149
UW.Fetal_Lung_Left.ChromatinAccessibility.H-23744.DS17105.twopass.merge150.wgt10.zgt2.wig.0,fetal_lung,3.14232348031661,1.54141196041642e-08,7.8120812754767135,6.59155397862572
UW.Fetal_Lung_Left.ChromatinAccessibility.H-23758.DS17154.twopass.merge150.wgt10.zgt2.wig.0,fetal_lung,3.00667923623377,6.87860131322127e-08,7.162499861721465,5.31262542120864
UW.Fetal_Lung_Left.ChromatinAccessibility.H-23833.DS17464.twopass.merge150.wgt10.zgt2.wig.0,fetal_lung,2.84985846386182,1.67663534882642e-07,6.775561381766457,4.05179253937716
UW.Fetal_Lung_Left.ChromatinAccessibility.H-23887.DS17674.twopass.merge150.wgt10.zgt2.wig.0,fetal_lung,3.40944406498735,5.64697848849413e-10,9.248183866654141,7.74780783146174
UW.Fetal_Lung_Left.ChromatinAccessibility.H-23914.DS17739.twopass.merge150.wgt10.zgt2.wig.0,fetal_lung,3.26146141943817,2.0232519655507803e-09,8.69395002902638,6.8740770656471
UW.Fetal_Lung_Left.ChromatinAccessibility.H-23964.DS17835.twopass.merge150.wgt10.zgt2.wig.0,fetal_lung,2.51814616400384,2.15777796816015e-06,5.665993245549209,3.81982487028508
UW.Fetal_Lung_Left.ChromatinAccessibility.H-24005.DS17959.twopass.merge150.wgt10.zgt2.wig.0,fetal_lung,3.05588837541149,3.190563850727e-08,7.4961325596951145,5.62676374056527
UW.Fetal_Lung_Left.ChromatinAccessibility.H-24089.DS18421.twopass.merge150.wgt10.zgt2.wig.0,fetal_lung,2.70929112681112,6.89630838082933e-07,6.161383326490473,4.27848077348919
UW.Fetal_Lung_Left.ChromatinAccessibility.H-24111.DS18487.twopass.merge150.wgt10.zgt2.wig.0,fetal_lung,2.52429576696061,3.6342460387816e-06,5.439585674257453,3.69944133423519
UW.Fetal_Lung_Right.ChromatinAccessibility.H-23435.DS15632.twopass.merge150.wgt10.zgt2.wig.0,fetal_lung,2.95931432458544,5.43660393227174e-08,7.264672305088106,4.55292095582667
UW.Fetal_Lung_Right.ChromatinAccessibility.H-23604.DS16566.twopass.merge150.wgt10.zgt2.wig.0,fetal_lung,2.65962034631664,8.87040065279292e-07,6.052056763779607,3.57751570964418
UW.Fetal_Lung_Right.ChromatinAccessibility.H-23640.DS16790.twopass.merge150.wgt10.zgt2.wig.0,fetal_lung,2.72835885575615,6.26712637534151e-07,6.202931547750946,4.68242214781803
UW.Fetal_Lung_Right.ChromatinAccessibility.H-23744.DS17101.twopass.merge150.wgt10.zgt2.wig.0,fetal_lung,2.42215404633787,6.78405728266105e-06,5.168510493676081,4.04697380962005
UW.Fetal_Lung_Right.ChromatinAccessibility.H-23758.DS17162.twopass.merge150.wgt10.zgt2.wig.0,fetal_lung,2.92037804809764,6.06153313854667e-08,7.217417516196859,5.45500688415733
UW.Fetal_Lung_Right.ChromatinAccessibility.H-23887.DS17670.twopass.merge150.wgt10.zgt2.wig.0,fetal_lung,2.84891659490006,1.65893523286354e-07,6.780170569104659,5.6088434534975
UW.Fetal_Lung_Right.ChromatinAccessibility.H-23964.DS17831.twopass.merge150.wgt10.zgt2.wig.0,fetal_lung,2.95995473242161,9.32073403834269e-08,7.030549884185871,5.6226907645775
UW.Fetal_Lung_Right.ChromatinAccessibility.H-24005.DS17954.twopass.merge150.wgt10.zgt2.wig.0,fetal_lung,2.85436595324954,1.42789674022367e-07,6.84530319786274,5.62697843075165
UW.Fetal_Lung_Right.ChromatinAccessibility.H-24089.DS18418.twopass.merge150.wgt10.zgt2.wig.0,fetal_lung,3.09617958745916,3.12189736629238e-08,7.505581378655264,4.40855775057162
UW.Fetal_Lung_Right.ChromatinAccessibility.H-24111.DS18492.twopass.merge150.wgt10.zgt2.wig.0,fetal_lung,2.61241103732995,1.85017001009522e-06,5.732788362919238,4.07189545379495
UW.Fetal_Muscle_Arm.ChromatinAccessibility.H-23808.DS17432.twopass.merge150.wgt10.zgt2.wig.0,fetal_muscle,2.34549387729308,1.39321552332461e-05,4.8559816952411765,3.42090721995139
UW.Fetal_Muscle_Arm.ChromatinAccessibility.H-23914.DS17765.twopass.merge150.wgt10.zgt2.wig.0,fetal_muscle,3.31753763096623,4.99417228684854e-08,7.301536479618432,4.9520181079959
UW.Fetal_Muscle_Arm.ChromatinAccessibility.H-23941.DS17825.twopass.merge150.wgt10.zgt2.wig.0,fetal_muscle,3.07505131069064,1.95591059021135e-08,7.708651001831311,5.7232623958961
UW.Fetal_Muscle_Arm.ChromatinAccessibility.H-23964.DS17848.twopass.merge150.wgt10.zgt2.wig.0,fetal_muscle,2.53656318993099,1.75400731034768e-06,5.7559686009146525,4.46782490963597
UW.Fetal_Muscle_Arm.ChromatinAccessibility.H-24005.DS18080.twopass.merge150.wgt10.zgt2.wig.0,fetal_muscle,2.79699182986194,3.56152732782926e-07,6.448363718937013,5.01348110508639
UW.Fetal_Muscle_Arm.ChromatinAccessibility.H-24042.DS18176.twopass.merge150.wgt10.zgt2.wig.0,fetal_muscle,2.70989389135359,3.79400642425994e-07,6.420901938070899,5.27999506259255
UW.Fetal_Muscle_Arm.ChromatinAccessibility.H-24078.DS18379.twopass.merge150.wgt10.zgt2.wig.0,fetal_muscle,3.3409377372452,8.34547328174471e-10,9.078549028928212,6.38142437494039
UW.Fetal_Muscle_Arm.ChromatinAccessibility.H-24089.DS18452.twopass.merge150.wgt10.zgt2.wig.0,fetal_muscle,3.1015312782341,2.11882223280382e-08,7.673905478660096,6.10769962392355
UW.Fetal_Muscle_Arm.ChromatinAccessibility.H-24111.DS18473.twopass.merge150.wgt10.zgt2.wig.0,fetal_muscle,2.55497358745408,1.7063201016351e-06,5.767939492902847,4.19285308919954
UW.Fetal_Muscle_Arm.ChromatinAccessibility.H-24125.DS18559.twopass.merge150.wgt10.zgt2.wig.0,fetal_muscle,2.2666650349259,2.63321929672668e-05,4.579512970976583,2.5670839082383
UW.Fetal_Muscle_Arm.ChromatinAccessibility.H-24143.DS18992.twopass.merge150.wgt10.zgt2.wig.0,fetal_muscle,2.85037960715721,8.04887761606415e-08,7.094264676046352,5.03261799603431
UW.Fetal_Muscle_Arm.ChromatinAccessibility.H-24198.DS19051.twopass.merge150.wgt10.zgt2.wig.0,fetal_muscle,2.88283011318797,5.92454883404659e-08,7.2273447164308315,4.75283075001407
UW.Fetal_Muscle_Arm.ChromatinAccessibility.H-24218.DS19053.twopass.merge150.wgt10.zgt2.wig.0,fetal_muscle,2.739439073176,3.57065814516924e-07,6.4472517271730645,5.21345458687538
UW.Fetal_Muscle_Arm.ChromatinAccessibility.H-24244.DS19270.twopass.merge150.wgt10.zgt2.wig.0,fetal_muscle,2.52515727919653,2.35472192451745e-06,5.628060372517324,3.74268458750984
UW.Fetal_Muscle_Arm.ChromatinAccessibility.H-24259.DS19295.twopass.merge150.wgt10.zgt2.wig.0,fetal_muscle,3.10558699613457,1.44214634663366e-08,7.840990665892264,6.08616554958814
UW.Fetal_Muscle_Arm.ChromatinAccessibility.H-24272.DS19380.twopass.merge150.wgt10.zgt2.wig.0,fetal_muscle,3.47322126371089,8.09174007962161e-10,9.091958075950545,7.43436084763669
UW.Fetal_Muscle_Arm.ChromatinAccessibility.H-24297.DS19646.twopass.merge150.wgt10.zgt2.wig.0,fetal_muscle,3.08617770985457,1.06715074190837e-08,7.97177422935247,5.57253425774398
UW.Fetal_Muscle_Back.ChromatinAccessibility.H-23914.DS17767.twopass.merge150.wgt10.zgt2.wig.0,fetal_muscle,2.97658138751482,8.60275516295157e-08,7.065362437077459,5.6932588613051
UW.Fetal_Muscle_Back.ChromatinAccessibility.H-23964.DS17850.twopass.merge150.wgt10.zgt2.wig.0,fetal_muscle,3.39802650445468,8.444960944764551e-10,9.073402354560997,7.06545680382822
UW.Fetal_Muscle_Back.ChromatinAccessibility.H-24005.DS18083.twopass.merge150.wgt10.zgt2.wig.0,fetal_muscle,3.29057426172765,9.1027577594886e-09,8.040827014460637,5.95178682908022
UW.Fetal_Muscle_Back.ChromatinAccessibility.H-24078.DS18377.twopass.merge150.wgt10.zgt2.wig.0,fetal_muscle,2.98057569436153,3.16772035256769e-08,7.499253165055198,5.03351837754249
UW.Fetal_Muscle_Back.ChromatinAccessibility.H-24089.DS18454.twopass.merge150.wgt10.zgt2.wig.0,fetal_muscle,3.16072828091971,8.278206323973541e-09,8.082063753551768,4.92567495507472
UW.Fetal_Muscle_Back.ChromatinAccessibility.H-24111.DS18468.twopass.merge150.wgt10.zgt2.wig.0,fetal_muscle,3.71873305134515,1.55675878484174e-10,9.807778674861403,7.61739069105539
UW.Fetal_Muscle_Back.ChromatinAccessibility.H-24143.DS18842.twopass.merge150.wgt10.zgt2.wig.0,fetal_muscle,3.15812785453778,9.4905252851689e-09,8.022709749412867,5.25434959565928
UW.Fetal_Muscle_Back.ChromatinAccessibility.H-24218.DS19117.twopass.merge150.wgt10.zgt2.wig.0,fetal_muscle,3.05429151828743,1.60054816849022e-08,7.795731251232615,5.88583119192838
UW.Fetal_Muscle_Back.ChromatinAccessibility.H-24244.DS19283.twopass.merge150.wgt10.zgt2.wig.0,fetal_muscle,3.63085763928215,1.36227174629804e-10,9.865736250612798,6.79385085063852
UW.Fetal_Muscle_Back.ChromatinAccessibility.H-24272.DS19384.twopass.merge150.wgt10.zgt2.wig.0,fetal_muscle,3.20931924703074,5.69720683189185e-09,8.24433801359251,7.06461566397165
UW.Fetal_Muscle_Back.ChromatinAccessibility.H-24279.DS19441.twopass.merge150.wgt10.zgt2.wig.0,fetal_muscle,3.13359107335715,8.553494353112881e-09,8.067856426997567,5.25381845890099
UW.Fetal_Muscle_Back.ChromatinAccessibility.H-24297.DS19648.twopass.merge150.wgt10.zgt2.wig.0,fetal_muscle,2.70600394841488,6.02554388891224e-07,6.220003745882968,3.16063800263202
UW.Fetal_Muscle_Back.ChromatinAccessibility.H-24409.DS20244.twopass.merge150.wgt10.zgt2.wig.0,fetal_muscle,2.88222104754612,7.39826493460017e-08,7.13087012049633,5.07466099759938
UW.Fetal_Muscle_Leg.ChromatinAccessibility.H-23808.DS17429.twopass.merge150.wgt10.zgt2.wig.0,fetal_muscle,2.40964390683957,7.5101187316683e-06,5.124353196937141,3.82090702535397
UW.Fetal_Muscle_Leg.ChromatinAccessibility.H-24078.DS18386.twopass.merge150.wgt10.zgt2.wig.0,fetal_muscle,2.82722617446743,9.68328812515647e-08,7.013977145570688,4.93183915884252
UW.Fetal_Muscle_Leg.ChromatinAccessibility.H-24089.DS18456.twopass.merge150.wgt10.zgt2.wig.0,fetal_muscle,2.99832337981177,4.17083742982638e-08,7.379776737678813,6.22584188621415
UW.Fetal_Muscle_Leg.ChromatinAccessibility.H-24111.DS18471.twopass.merge150.wgt10.zgt2.wig.0,fetal_muscle,2.98326678036929,4.99686298873351e-08,7.301302558512739,5.21879716112912
UW.Fetal_Muscle_Leg.ChromatinAccessibility.H-24143.DS18844.twopass.merge150.wgt10.zgt2.wig.0,fetal_muscle,2.84683857416962,6.40314474440477e-08,7.193606680748725,4.66372976298101
UW.Fetal_Muscle_Leg.ChromatinAccessibility.H-24198.DS19158.twopass.merge150.wgt10.zgt2.wig.0,fetal_muscle,3.86583920139018,9.1731655770401e-11,10.037480767339906,7.84654184887165
UW.Fetal_Muscle_Leg.ChromatinAccessibility.H-24218.DS19115.twopass.merge150.wgt10.zgt2.wig.0,fetal_muscle,2.99183142343052,3.69791008265557e-08,7.4320436532312755,6.21690764793541
UW.Fetal_Muscle_Leg.ChromatinAccessibility.H-24244.DS19272.twopass.merge150.wgt10.zgt2.wig.0,fetal_muscle,3.6792124317864,2.64183963437411e-10,9.578093548576224,7.70745600707361
UW.Fetal_Muscle_Leg.ChromatinAccessibility.H-24259.DS19291.twopass.merge150.wgt10.zgt2.wig.0,fetal_muscle,3.20718844108001,5.5241207869907e-09,8.257736833976454,7.29944639768916
UW.Fetal_Muscle_Leg.ChromatinAccessibility.H-24279.DS19436.twopass.merge150.wgt10.zgt2.wig.0,fetal_muscle,3.38397018302362,1.26327781005032e-09,8.898501132338927,6.38636832043465
UW.Fetal_Muscle_Leg.ChromatinAccessibility.H-24297.DS19643.twopass.merge150.wgt10.zgt2.wig.0,fetal_muscle,3.9413465576967,1.74746529480163e-11,10.757591440718656,7.80317515905097
UW.Fetal_Muscle_Leg.ChromatinAccessibility.H-24409.DS20239.twopass.merge150.wgt10.zgt2.wig.0,fetal_muscle,3.21366933658118,5.0666363443527e-09,8.295280265890622,6.965781718208
UW.Fetal_Muscle_Lower_Limb_Skeletal.ChromatinAccessibility.H-24042.DS18174.twopass.merge150.wgt10.zgt2.wig.0,"fetal_muscle,_lower_limb",4.22558584856076,1.76839906056112e-11,10.752419724479367,9.23452523057708
UW.Fetal_Muscle_Trunk.ChromatinAccessibility.H-23941.DS17827.twopass.merge150.wgt10.zgt2.wig.0,"fetal_muscle,_trunk",2.67858935843824,4.01408041318776e-07,6.3964139316357995,3.98100076149128
UW.Fetal_Muscle_Trunk.ChromatinAccessibility.H-24409.DS20242.twopass.merge150.wgt10.zgt2.wig.0,"fetal_muscle,_trunk",2.93473749040672,5.46372082754913e-08,7.262511499325125,5.13477778674339
UW.Fetal_Muscle_Trunk.ChromatinAccessibility.H-24507.DS20544.twopass.merge150.wgt10.zgt2.wig.0,"fetal_muscle,_trunk",2.68882311540844,4.89598105645845e-07,6.310160271232487,4.58126824427523
UW.Fetal_Muscle_Upper_Limb_Skeletal.ChromatinAccessibility.H-23887.DS17661.twopass.merge150.wgt10.zgt2.wig.0,fetal_muscle,2.8617922362618,7.69709124236875e-08,7.113673365224021,5.32265635291308
UW.Fetal_Muscle_Upper_Trunk.ChromatinAccessibility.H-23887.DS17664.twopass.merge150.wgt10.zgt2.wig.0,"fetal_muscle,_upper_trunk",3.14105910752381,1.57311410899569e-08,7.803239773810429,5.63754191201053
UW.Fetal_Placenta.ChromatinAccessibility.H-23887.DS17639.twopass.merge150.wgt10.zgt2.wig.0,fetal_placenta,2.27278107868952,3.38835760954314e-05,4.470010760190408,3.91473281430183
UW.Fetal_Placenta.ChromatinAccessibility.H-23914.DS17744.twopass.merge150.wgt10.zgt2.wig.0,fetal_placenta,2.61314868110602,1.01771238393063e-06,5.992374940781787,5.12938662496951
UW.Fetal_Placenta.ChromatinAccessibility.H-24272.DS19391.twopass.merge150.wgt10.zgt2.wig.0,fetal_placenta,3.32095443831593,1.80355368656433e-09,8.743870925465599,6.00041778958935
UW.Fetal_Placenta.ChromatinAccessibility.H-24409.DS20346.twopass.merge150.wgt10.zgt2.wig.0,fetal_placenta,2.40631847344104,6.79801432569546e-06,5.167617924547908,4.70511833830562
UW.Fetal_Renal_Cortex.ChromatinAccessibility.H-23769.DS17307.twopass.merge150.wgt10.zgt2.wig.0,fetal_renal_cortex,2.39034073527357,1.22796185865187e-05,4.910815122473577,4.42162277714967
UW.Fetal_Renal_Cortex.ChromatinAccessibility.H-23790.DS17387.twopass.merge150.wgt10.zgt2.wig.0,fetal_renal_cortex,2.4480542619055,4.3429733711243e-06,5.362212833499671,4.18841965049446
UW.Fetal_Renal_Cortex.ChromatinAccessibility.H-23833.DS17455.twopass.merge150.wgt10.zgt2.wig.0,fetal_renal_cortex,2.48247652126579,3.87833203570199e-06,5.411355012405266,4.93877796330341
UW.Fetal_Renal_Cortex.ChromatinAccessibility.H-23914.DS17756.twopass.merge150.wgt10.zgt2.wig.0,fetal_renal_cortex,2.32857294202418,1.51058517361661e-05,4.820854782215372,5.17487423527696
UW.Fetal_Renal_Cortex.ChromatinAccessibility.H-23941.DS17804.twopass.merge150.wgt10.zgt2.wig.0,fetal_renal_cortex,2.01063023987162,0.0003225863791317,3.491353974184586,2.99620892387495
UW.Fetal_Renal_Cortex.ChromatinAccessibility.H-24078.DS18428.twopass.merge150.wgt10.zgt2.wig.0,fetal_renal_cortex,2.28241571365994,2.996568112899e-05,4.523375846210451,3.66502543587834
UW.Fetal_Renal_Cortex.ChromatinAccessibility.H-24259.DS19388.twopass.merge150.wgt10.zgt2.wig.0,fetal_renal_cortex,2.50819701177274,2.35488510618205e-06,5.628030277056684,4.05573230019706
UW.Fetal_Renal_Cortex.ChromatinAccessibility.H-24493.DS20568.twopass.merge150.wgt10.zgt2.wig.0,fetal_renal_cortex,2.35221446430244,1.54570552988421e-05,4.810873239348715,4.05132486815684
UW.Fetal_Renal_Cortex_Left.ChromatinAccessibility.H-23871.DS17550.twopass.merge150.wgt10.zgt2.wig.0,fetal_renal_cortex,2.33009262716587,1.77932239518648e-05,4.749745355027309,4.62386987973557
UW.Fetal_Renal_Cortex_Left.ChromatinAccessibility.H-24111.DS18542.twopass.merge150.wgt10.zgt2.wig.0,fetal_renal_cortex,2.17734848009008,8.44082860430644e-05,4.073614918230455,3.14900820675298
UW.Fetal_Renal_Cortex_Left.ChromatinAccessibility.H-24169.DS18931.twopass.merge150.wgt10.zgt2.wig.0,fetal_renal_cortex,2.47781610407531,3.35534853883081e-06,5.47426236055343,3.78783239241624
UW.Fetal_Renal_Cortex_Left.ChromatinAccessibility.H-24232.DS19257.twopass.merge150.wgt10.zgt2.wig.0,fetal_renal_cortex,2.07670409540907,0.0002059221752258,3.686296882815503,3.24468553337341
UW.Fetal_Renal_Cortex_Right.ChromatinAccessibility.H-23871.DS17545.twopass.merge150.wgt10.zgt2.wig.0,fetal_renal_cortex,2.3393088935975,2.40247906783661e-05,4.619340387535653,2.59882564628219
UW.Fetal_Renal_Cortex_Right.ChromatinAccessibility.H-24169.DS18928.twopass.merge150.wgt10.zgt2.wig.0,fetal_renal_cortex,2.15648467495691,8.65751009206693e-05,4.062606993520757,3.28225092873823
UW.Fetal_Renal_Cortex_Right.ChromatinAccessibility.H-24232.DS19254.twopass.merge150.wgt10.zgt2.wig.0,fetal_renal_cortex,2.43517917727504,6.8063605844458e-06,5.167085046764327,4.02635158902421
UW.Fetal_Renal_Pelvis.ChromatinAccessibility.H-23790.DS17381.twopass.merge150.wgt10.zgt2.wig.0,fetal_renal_pelvis,2.55728868507321,1.78862254804545e-06,5.747481298670389,3.69889243426717
UW.Fetal_Renal_Pelvis.ChromatinAccessibility.H-23833.DS17451.twopass.merge150.wgt10.zgt2.wig.0,fetal_renal_pelvis,2.61201589038872,1.26790760599138e-06,5.896912392881804,4.72427844149763
UW.Fetal_Renal_Pelvis.ChromatinAccessibility.H-23914.DS17760.twopass.merge150.wgt10.zgt2.wig.0,fetal_renal_pelvis,2.48452089825878,3.19371914606611e-06,5.495703278140143,4.73541610731386
UW.Fetal_Renal_Pelvis.ChromatinAccessibility.H-24005.DS18088.twopass.merge150.wgt10.zgt2.wig.0,fetal_renal_pelvis,3.02237060252478,1.27319032909013e-08,7.895106668856204,6.2328744834449
UW.Fetal_Renal_Pelvis.ChromatinAccessibility.H-24078.DS18431.twopass.merge150.wgt10.zgt2.wig.0,fetal_renal_pelvis,1.99004290261425,0.0003821957314658,3.4177141676504483,2.8264133012793
UW.Fetal_Renal_Pelvis.ChromatinAccessibility.H-24259.DS19386.twopass.merge150.wgt10.zgt2.wig.0,fetal_renal_pelvis,2.3797469395531,1.02551805709475e-05,4.98905668826727,3.903478116312
UW.Fetal_Renal_Pelvis.ChromatinAccessibility.H-24477.DS20448.twopass.merge150.wgt10.zgt2.wig.0,fetal_renal_pelvis,2.33270539950646,2.18086604417649e-05,4.661371009369314,4.61636033962119
UW.Fetal_Renal_Pelvis_Left.ChromatinAccessibility.H-23871.DS17553.twopass.merge150.wgt10.zgt2.wig.0,fetal_renal_pelvis,1.97464173989972,0.0004800881675285,3.318678997718411,3.15935209185844
UW.Fetal_Renal_Pelvis_Left.ChromatinAccessibility.H-24111.DS18666.twopass.merge150.wgt10.zgt2.wig.0,fetal_renal_pelvis,2.32638159910928,1.34231806503969e-05,4.8721445649980435,3.63493267426688
UW.Fetal_Renal_Pelvis_Left.ChromatinAccessibility.H-24169.DS18964.twopass.merge150.wgt10.zgt2.wig.0,fetal_renal_pelvis,2.53096003398951,2.3404967510069e-06,5.630691957408043,4.94183389158715
UW.Fetal_Renal_Pelvis_Left.ChromatinAccessibility.H-24232.DS19238.twopass.merge150.wgt10.zgt2.wig.0,fetal_renal_pelvis,2.14807594696788,8.77794866748431e-05,4.056606963191831,3.84343652861558
UW.Fetal_Renal_Pelvis_Right.ChromatinAccessibility.H-23871.DS17548.twopass.merge150.wgt10.zgt2.wig.0,fetal_renal_pelvis,2.27437368453788,2.54299933998624e-05,4.5946537525417,3.4703556719951
UW.Fetal_Renal_Pelvis_Right.ChromatinAccessibility.H-24111.DS18663.twopass.merge150.wgt10.zgt2.wig.0,fetal_renal_pelvis,1.92057445376449,0.0008142664627642,3.08923345214857,2.75680433485834
UW.Fetal_Renal_Pelvis_Right.ChromatinAccessibility.H-24169.DS18961.twopass.merge150.wgt10.zgt2.wig.0,fetal_renal_pelvis,2.31512863605679,1.60240889070275e-05,4.795226654096137,4.45337874813832
UW.Fetal_Renal_Pelvis_Right.ChromatinAccessibility.H-24232.DS19235.twopass.merge150.wgt10.zgt2.wig.0,fetal_renal_pelvis,2.73022615371306,4.0484893561097e-07,6.3927069981906675,4.10695302875873
UW.Fetal_Skin.ChromatinAccessibility.H-22337.DS10987.twopass.merge150.wgt10.zgt2.wig.0,fetal_skin,1.98879106245424,0.0004813084543191,3.317576509750262,1.55694722158494
UW.Fetal_Spinal_Cord.ChromatinAccessibility.H-24111.DS18501.twopass.merge150.wgt10.zgt2.wig.0,fetal_spinal_cord,2.35873558220131,2.44630815204621e-05,4.611488837445295,3.25203498871878
UW.Fetal_Spinal_Cord.ChromatinAccessibility.H-24409.DS20351.twopass.merge150.wgt10.zgt2.wig.0,fetal_spinal_cord,2.71718008929183,4.62894686245736e-07,6.3345178046295905,4.70780827455576
UW.Fetal_Spinal_Cord.ChromatinAccessibility.H-24493.DS20530.twopass.merge150.wgt10.zgt2.wig.0,fetal_spinal_cord,1.83842595565054,0.0018707429391891,2.7279858852747783,0.930703580576363
UW.Fetal_Spleen.ChromatinAccessibility.H-23399.DS17448.twopass.merge150.wgt10.zgt2.wig.0,fetal_spleen,2.93643807872873,4.93677983652246e-08,7.306556240395508,4.60085841455467
UW.Fetal_Stomach.ChromatinAccessibility.H-23589.DS16530.twopass.merge150.wgt10.zgt2.wig.0,fetal_stomach,2.85854257359886,1.01040258464594e-07,6.995505551510491,6.40201079602362
UW.Fetal_Stomach.ChromatinAccessibility.H-23758.DS17172.twopass.merge150.wgt10.zgt2.wig.0,fetal_stomach,2.92627850087751,5.35897538528264e-08,7.270918237742817,5.75252341005143
UW.Fetal_Stomach.ChromatinAccessibility.H-23769.DS17325.twopass.merge150.wgt10.zgt2.wig.0,fetal_stomach,2.76381816418261,1.59534207141111e-07,6.797146181698888,4.36795341710289
UW.Fetal_Stomach.ChromatinAccessibility.H-23887.DS17659.twopass.merge150.wgt10.zgt2.wig.0,fetal_stomach,3.4330237449592,3.87813171180284e-10,9.411377445195992,6.50829344596203
UW.Fetal_Stomach.ChromatinAccessibility.H-23914.DS17750.twopass.merge150.wgt10.zgt2.wig.0,fetal_stomach,3.17984745527473,3.86199236090845e-09,8.413188589598205,4.87426990213015
UW.Fetal_Stomach.ChromatinAccessibility.H-23964.DS17878.twopass.merge150.wgt10.zgt2.wig.0,fetal_stomach,2.87889701225412,9.57632264988076e-08,7.018801229905092,4.83782212365091
UW.Fetal_Stomach.ChromatinAccessibility.H-24005.DS17963.twopass.merge150.wgt10.zgt2.wig.0,fetal_stomach,2.68713282708849,5.24770606811803e-07,6.280030498436006,5.02763343109844
UW.Fetal_Stomach.ChromatinAccessibility.H-24078.DS18389.twopass.merge150.wgt10.zgt2.wig.0,fetal_stomach,3.14915563934766,7.96096203723783e-09,8.099034447059074,6.83454450900664
UW.Fetal_Stomach.ChromatinAccessibility.H-24125.DS18821.twopass.merge150.wgt10.zgt2.wig.0,fetal_stomach,3.19238793606851,6.039744712347471e-09,8.218981417730173,6.52068613705417
UW.Fetal_Stomach.ChromatinAccessibility.H-24401.DS20349.twopass.merge150.wgt10.zgt2.wig.0,fetal_stomach,2.54322726669296,2.09978076954091e-06,5.67782604600359,3.42554159989282
UW.Fetal_Stomach.ChromatinAccessibility.H-24507.DS20546.twopass.merge150.wgt10.zgt2.wig.0,fetal_stomach,2.67145933021556,6.48543462334283e-07,6.1880609142299186,4.21648576781291
UW.Fetal_Testes.ChromatinAccessibility.H24198_H23640_H24042.DS18942.twopass.merge150.wgt10.zgt2.wig.0,fetal_testes,3.08341884269619,1.70774856782857e-08,7.7675760702059575,4.89747610889408
UW.Fetal_Thymus.ChromatinAccessibility.H-23589.DS16490.twopass.merge150.wgt10.zgt2.wig.0,fetal_thymus,2.61795050149008,7.52959327540232e-07,6.123228482367567,3.0166580137237
UW.Fetal_Thymus.ChromatinAccessibility.H-23663.DS16841.twopass.merge150.wgt10.zgt2.wig.0,fetal_thymus,2.82422853584415,1.03861053676589e-07,6.983547275775171,5.11767748312609
UW.Fetal_Thymus.ChromatinAccessibility.H-23769.DS17323.twopass.merge150.wgt10.zgt2.wig.0,fetal_thymus,2.73853671606865,2.36258978952028e-07,6.626611677272802,3.39395394026933
UW.Fetal_Thymus.ChromatinAccessibility.H-23833.DS17474.twopass.merge150.wgt10.zgt2.wig.0,fetal_thymus,2.8634376937783,7.6646447520765e-08,7.115507969418639,4.40011866613876
UW.Fetal_Thymus.ChromatinAccessibility.H-23964.DS17875.twopass.merge150.wgt10.zgt2.wig.0,fetal_thymus,2.86505634704901,7.21103205137157e-08,7.1420025740961455,4.18851916957986
UW.Fetal_Thymus.ChromatinAccessibility.H-23964.DS17876.twopass.merge150.wgt10.zgt2.wig.0,fetal_thymus,2.54589220155906,1.48035867100525e-06,5.829633048141173,3.98590119097957
UW.Fetal_Thymus.ChromatinAccessibility.H-24078.DS18382.twopass.merge150.wgt10.zgt2.wig.0,fetal_thymus,2.87463487880475,1.1870780475341e-07,6.9255207262862815,4.56368164062268
UW.Fetal_Thymus.ChromatinAccessibility.H-24259.DS19287.twopass.merge150.wgt10.zgt2.wig.0,fetal_thymus,3.11105274260429,6.28444340376355e-09,8.201733180568057,5.63406009715775
UW.Fetal_Thymus.ChromatinAccessibility.H-24401.DS20335.twopass.merge150.wgt10.zgt2.wig.0,fetal_thymus,3.05045486883581,1.15162622461469e-08,7.9386884540095055,4.63196002334742
UW.Fetal_Thymus.ChromatinAccessibility.H-24409.DS20341.twopass.merge150.wgt10.zgt2.wig.0,fetal_thymus,2.95056274693267,2.69926715251226e-08,7.568754130219256,4.45912176241621
UW.Fibroblasts_Fetal_Skin_Abdomen.ChromatinAccessibility.H-24259.DS19558.twopass.merge150.wgt10.zgt2.wig.0,fibroblast,3.10206447712323,8.11971386884956e-09,8.090459274622027,5.69843008041063
UW.Fibroblasts_Fetal_Skin_Abdomen.ChromatinAccessibility.H-24259.DS19561.twopass.merge150.wgt10.zgt2.wig.0,fibroblast,2.67911236073222,4.47057158879494e-07,6.349636946221632,5.9041488977102
UW.Fibroblasts_Fetal_Skin_Back.ChromatinAccessibility.H-24218.DS19233.twopass.merge150.wgt10.zgt2.wig.0,fibroblast,3.41392648438297,3.19585177643524e-10,9.495413371463505,6.32556789600389
UW.Fibroblasts_Fetal_Skin_Biceps_Left.ChromatinAccessibility.H-24259.DS19857.twopass.merge150.wgt10.zgt2.wig.0,fibroblast,3.35713434195041,6.90068873942516e-10,9.161107561320085,5.92589786711562
UW.Fibroblasts_Fetal_Skin_Biceps_Left.ChromatinAccessibility.H-24259.DS19867.twopass.merge150.wgt10.zgt2.wig.0,fibroblast,3.16039583052779,4.179018550957121e-09,8.37892570098836,6.20141705094603
UW.Fibroblasts_Fetal_Skin_Biceps_Right.ChromatinAccessibility.H-24259.DS19745.twopass.merge150.wgt10.zgt2.wig.0,fibroblast,3.25683343727407,1.33053358175532e-09,8.875974159679314,6.36200166709948
UW.Fibroblasts_Fetal_Skin_Biceps_Right.ChromatinAccessibility.H-24259.DS19761.twopass.merge150.wgt10.zgt2.wig.0,fibroblast,3.16661628288345,3.33573362365965e-09,8.4768086374089,6.79823084410894
UW.Fibroblasts_Fetal_Skin_Quadriceps_Left.ChromatinAccessibility.H-24259.DS20046.twopass.merge150.wgt10.zgt2.wig.0,fibroblast,2.5933116271222,1.07270681833376e-06,5.969518958908386,5.05220746713652
UW.Fibroblasts_Fetal_Skin_Quadriceps_Left.ChromatinAccessibility.H-24259.DS20056.twopass.merge150.wgt10.zgt2.wig.0,fibroblast,2.90388297286522,5.23299389610182e-08,7.281249771832252,5.40966011026582
UW.Fibroblasts_Fetal_Skin_Quadriceps_Right.ChromatinAccessibility.H-24259.DS19943.twopass.merge150.wgt10.zgt2.wig.0,fibroblast,2.62501275058699,6.65384954116393e-07,6.176927023752895,5.37599650242343
UW.Fibroblasts_Fetal_Skin_Quadriceps_Right.ChromatinAccessibility.H-24259.DS19948.twopass.merge150.wgt10.zgt2.wig.0,fibroblast,2.6528576497973,5.16355367769109e-07,6.287051303913933,4.13976023717635
UW.Fibroblasts_Fetal_Skin_Scalp.ChromatinAccessibility.H-24259.DS19444.twopass.merge150.wgt10.zgt2.wig.0,fibroblast,3.57356565996335,6.71646919793541e-11,10.17285897260596,7.80558980165511
UW.Fibroblasts_Fetal_Skin_Scalp.ChromatinAccessibility.H-24259.DS19449.twopass.merge150.wgt10.zgt2.wig.0,fibroblast,3.1107323432354,5.45251234583219e-09,8.263403342398373,5.69936787742458
UW.Fibroblasts_Fetal_Skin_Upper_Back.ChromatinAccessibility.H-24259.DS19696.twopass.merge150.wgt10.zgt2.wig.0,fibroblast,2.70606875828508,3.10052595378503e-07,6.50856462892324,5.37147555157657
UW.Fibroblasts_Fetal_Skin_Upper_Back.ChromatinAccessibility.H-24259.DS19706.twopass.merge150.wgt10.zgt2.wig.0,fibroblast,3.08518140873122,9.4361118207423e-09,8.025206921236675,5.07411683889905
UW.H1_BMP4_Derived_Mesendoderm_Cultured_Cells.ChromatinAccessibility.DS18732.twopass.merge150.wgt10.zgt2.wig.0,es_cell,2.23032205499194,5.25161118386824e-05,4.279707435467432,2.28656528285733
UW.H1_BMP4_Derived_Mesendoderm_Cultured_Cells.ChromatinAccessibility.DS19310.twopass.merge150.wgt10.zgt2.wig.0,es_cell,1.93304349137089,0.0008482400275786,3.0714812374807154,1.28171399705738
UW.H1_BMP4_Derived_Trophoblast_Cultured_Cells.ChromatinAccessibility.DS18736.twopass.merge150.wgt10.zgt2.wig.0,es_cell,1.68508978336761,0.0077717341856704,2.1094820618641674,0.647378090642867
UW.H1_BMP4_Derived_Trophoblast_Cultured_Cells.ChromatinAccessibility.DS19317.twopass.merge150.wgt10.zgt2.wig.0,es_cell,2.94924130000873,3.77833509395326e-08,7.422699527885532,3.65342827438871
UW.H1.ChromatinAccessibility.DS18873.twopass.merge150.wgt10.zgt2.wig.0,es_cell,2.38590824978929,1.3459837751539e-05,4.870960175181581,2.54703731194533
UW.H1.ChromatinAccessibility.DS19100.twopass.merge150.wgt10.zgt2.wig.0,es_cell,2.57886976699857,1.44552046134659e-06,5.839975756510083,4.13100734011391
UW.H1_Derived_Mesenchymal_Stem_Cells.ChromatinAccessibility.DS20671.twopass.merge150.wgt10.zgt2.wig.0,es_cell,4.17608993821789,6.10257886116437e-13,12.21448659966215,7.72318233316767
UW.H1_Derived_Mesenchymal_Stem_Cells.ChromatinAccessibility.DS21042.twopass.merge150.wgt10.zgt2.wig.0,es_cell,3.48336137776212,2.5367892464145e-10,9.595715611974638,6.94752570751047
UW.H1_Derived_Neuronal_Progenitor_Cultured_Cells.ChromatinAccessibility.DS18739.twopass.merge150.wgt10.zgt2.wig.0,es_cell,2.3747216523534,8.35417576762399e-06,5.078096391638989,3.61665573897203
UW.H1_Derived_Neuronal_Progenitor_Cultured_Cells.ChromatinAccessibility.DS20153.twopass.merge150.wgt10.zgt2.wig.0,es_cell,2.73682124783632,3.55109019148975e-07,6.449638297236856,3.66045193911925
UW.H9.ChromatinAccessibility.DS18517.twopass.merge150.wgt10.zgt2.wig.0,es_cell,2.39173044000146,1.72689023660687e-05,4.762735265878338,3.24292724051566
UW.H9.ChromatinAccessibility.DS18522.twopass.merge150.wgt10.zgt2.wig.0,es_cell,2.68275775623436,6.2089520723884e-07,6.206981692509885,3.66209159464436
UW.IMR90.ChromatinAccessibility.DS11759.twopass.merge150.wgt10.zgt2.wig.0,lung,3.11458224625078,6.3937049848531206e-09,8.194247406601432,5.84030506132263
UW.IMR90.ChromatinAccessibility.DS11764.twopass.merge150.wgt10.zgt2.wig.0,lung,3.58171902709298,1.25292704353848e-10,9.90207421672422,8.34195944906013
UW.IMR90.ChromatinAccessibility.DS13219.twopass.merge150.wgt10.zgt2.wig.0,lung,3.63406360468315,8.50198930704447e-11,10.070479445580904,8.12496176860144
UW.IMR90.ChromatinAccessibility.DS13229.twopass.merge150.wgt10.zgt2.wig.0,lung,3.55074359854276,1.26038126981438e-10,9.899498059383076,6.98375550026714
UW.iPS_DF_19.11.ChromatinAccessibility.DS15153.twopass.merge150.wgt10.zgt2.wig.0,ips_cell,2.54017609633499,2.55600545220745e-06,5.592438224120412,3.87815451045064
UW.iPS_DF_19.7.ChromatinAccessibility.DS15148.twopass.merge150.wgt10.zgt2.wig.0,ips_cell,2.96952291007697,4.27449499922876e-08,7.369115186667569,4.13535903144089
UW.iPS_DF_4.7.ChromatinAccessibility.DS15169.twopass.merge150.wgt10.zgt2.wig.0,ips_cell,2.45243199257137,5.67887413556171e-06,5.245737756750027,3.68105841981615
UW.iPS_DF_6.9.ChromatinAccessibility.DS15164.twopass.merge150.wgt10.zgt2.wig.0,ips_cell,2.65989517543436,9.65219000061218e-07,6.0153741377158765,3.38389042383442
UW.Mobilized_CD34_Primary_Cells.ChromatinAccessibility.RO_00738.DS13199.twopass.merge150.wgt10.zgt2.wig.0,blood,3.06643735225012,1.53199669935772e-08,7.814742170377222,5.09493092999635
UW.Mobilized_CD34_Primary_Cells.ChromatinAccessibility.RO_01480.DS12771.twopass.merge150.wgt10.zgt2.wig.0,blood,3.14747298967618,4.9414237837654105e-09,8.306147898780377,6.01728936900761
UW.Mobilized_CD34_Primary_Cells.ChromatinAccessibility.RO_01492.DS12774.twopass.merge150.wgt10.zgt2.wig.0,blood,3.15065205196765,5.077738506541061e-09,8.294329668190617,5.04783689213545
UW.Mobilized_CD34_Primary_Cells.ChromatinAccessibility.RO_01492.DS14206.twopass.merge150.wgt10.zgt2.wig.0,blood,2.82069485789805,1.24078162082581e-07,6.906304648167573,5.20735870772278
UW.Mobilized_CD34_Primary_Cells.ChromatinAccessibility.RO_01508.DS11202.twopass.merge150.wgt10.zgt2.wig.0,blood,2.23567941266033,4.06329419634731e-05,4.39112173213465,3.67985348338881
UW.Mobilized_CD34_Primary_Cells.ChromatinAccessibility.RO_01517.DS14129.twopass.merge150.wgt10.zgt2.wig.0,blood,2.53353828881992,2.39150981918551e-06,5.621327831639465,4.35968745833195
UW.Mobilized_CD34_Primary_Cells.ChromatinAccessibility.RO_01520.DS12785.twopass.merge150.wgt10.zgt2.wig.0,blood,3.13861621131285,5.85453490342028e-09,8.232507600489333,6.22262570640093
UW.Mobilized_CD34_Primary_Cells.ChromatinAccessibility.RO_01527.DS11666.twopass.merge150.wgt10.zgt2.wig.0,blood,2.39160717090491,8.66498892006237e-06,5.06223198828288,3.12953123086771
UW.Mobilized_CD34_Primary_Cells.ChromatinAccessibility.RO_01535.DS12274.twopass.merge150.wgt10.zgt2.wig.0,blood,3.10666355757419,7.081187722171291e-09,8.14989389232104,5.57368923683061
UW.Mobilized_CD34_Primary_Cells.ChromatinAccessibility.RO_01535.DS14197.twopass.merge150.wgt10.zgt2.wig.0,blood,2.89908258730165,6.07587284692748e-08,7.216391323429327,5.32738255438829
UW.Mobilized_CD34_Primary_Cells.ChromatinAccessibility.RO_01536.DS12339.twopass.merge150.wgt10.zgt2.wig.0,blood,2.57740951232859,1.2350240530421e-06,5.908324584103317,3.9940267128744
UW.Mobilized_CD34_Primary_Cells.ChromatinAccessibility.RO_01549.DS12734.twopass.merge150.wgt10.zgt2.wig.0,blood,2.90543776676937,5.38010649859053e-08,7.269209127439109,5.27093904580063
UW.Mobilized_CD34_Primary_Cells.ChromatinAccessibility.RO_01562.DS13196.twopass.merge150.wgt10.zgt2.wig.0,blood,2.6476277454503,6.74340820316734e-07,6.1711205500939,3.80526333898622
UW.Mobilized_CD34_Primary_Cells.ChromatinAccessibility.RO_01701.DS17112.twopass.merge150.wgt10.zgt2.wig.0,blood,3.27134627277378,1.3964394191436901e-09,8.854977900279689,6.34052819469999
UW.Mobilized_CD4_Primary_Cells.ChromatinAccessibility.RO_01679.DS16955.twopass.merge150.wgt10.zgt2.wig.0,blood,3.08730105324092,7.46423328656366e-09,8.127014795643653,4.39413940363073
UW.Mobilized_CD4_Primary_Cells.ChromatinAccessibility.RO_01701.DS17175.twopass.merge150.wgt10.zgt2.wig.0,blood,2.98553425022872,2.17551197056616e-08,7.662438522696925,4.92321939484364
UW.Mobilized_CD56_Primary_Cells.ChromatinAccessibility.RO_01689.DS16376.twopass.merge150.wgt10.zgt2.wig.0,blood,3.22740401361707,2.4227179991282102e-09,8.61569713417037,4.90520532656342
UW.Mobilized_CD8_Primary_Cells.ChromatinAccessibility.RO_01679.DS16962.twopass.merge150.wgt10.zgt2.wig.0,blood,3.706845484436,3.3504611536110696e-11,10.474895413057169,7.00441712378242
UW.Penis_Foreskin_Fibroblast_Primary_Cells.ChromatinAccessibility.skin01.DS18224.twopass.merge150.wgt10.zgt2.wig.0,fibroblast,3.63758212490652,2.12192312027536e-10,9.673270355140156,6.87357349069422
UW.Penis_Foreskin_Fibroblast_Primary_Cells.ChromatinAccessibility.skin01.DS18229.twopass.merge150.wgt10.zgt2.wig.0,fibroblast,4.43144504231876,4.42631602650226e-13,12.353957581898511,10.1216101016282
UW.Penis_Foreskin_Fibroblast_Primary_Cells.ChromatinAccessibility.skin02.DS18252.twopass.merge150.wgt10.zgt2.wig.0,fibroblast,3.65487786342079,5.4129194754693e-11,10.266568433581295,7.48678148548276
UW.Penis_Foreskin_Fibroblast_Primary_Cells.ChromatinAccessibility.skin02.DS18256.twopass.merge150.wgt10.zgt2.wig.0,fibroblast,4.36974406331731,1.89491532358822e-13,12.722410192197241,9.75443140578257
UW.Penis_Foreskin_Keratinocyte_Primary_Cells.ChromatinAccessibility.skin01.DS18692.twopass.merge150.wgt10.zgt2.wig.0,skin,2.33283618526308,2.10798195230239e-05,4.676133111699071,2.75228900931295
UW.Penis_Foreskin_Keratinocyte_Primary_Cells.ChromatinAccessibility.skin01.DS18695.twopass.merge150.wgt10.zgt2.wig.0,skin,2.50597402500835,3.67327296712238e-06,5.43494679729856,3.50374299759283
UW.Penis_Foreskin_Keratinocyte_Primary_Cells.ChromatinAccessibility.skin02.DS18714.twopass.merge150.wgt10.zgt2.wig.0,skin,2.89522050206878,1.22379355917964e-07,6.912291836823389,4.29392602224633
UW.Penis_Foreskin_Keratinocyte_Primary_Cells.ChromatinAccessibility.skin02.DS18718.twopass.merge150.wgt10.zgt2.wig.0,skin,3.07900679760066,2.24002622627439e-08,7.6497468969071,4.55263425885722
UW.Penis_Foreskin_Melanocyte_Primary_Cells.ChromatinAccessibility.skin01.DS18590.twopass.merge150.wgt10.zgt2.wig.0,skin,2.87493932615698,1.05275797614086e-07,6.9776714594960705,4.49551168310617
UW.Penis_Foreskin_Melanocyte_Primary_Cells.ChromatinAccessibility.skin01.DS18601.twopass.merge150.wgt10.zgt2.wig.0,skin,3.12119550027928,1.91468658995618e-08,7.717902304406547,4.86351639354644
